-- phpMyAdmin SQL Dump
-- version 5.2.1
-- https://www.phpmyadmin.net/
--
-- Εξυπηρετητής: 127.0.0.1
-- Χρόνος δημιουργίας: 04 Ιουν 2023 στις 22:50:36
-- Έκδοση διακομιστή: 10.4.28-MariaDB
-- Έκδοση PHP: 8.2.4

SET SQL_MODE = "NO_AUTO_VALUE_ON_ZERO";
START TRANSACTION;
SET time_zone = "+00:00";


/*!40101 SET @OLD_CHARACTER_SET_CLIENT=@@CHARACTER_SET_CLIENT */;
/*!40101 SET @OLD_CHARACTER_SET_RESULTS=@@CHARACTER_SET_RESULTS */;
/*!40101 SET @OLD_COLLATION_CONNECTION=@@COLLATION_CONNECTION */;
/*!40101 SET NAMES utf8mb4 */;

--
-- Βάση δεδομένων: `school_library`
--

--
-- Άδειασμα δεδομένων του πίνακα `administrator`
--

INSERT INTO `administrator` (`Admin_ID`, `First_Name`, `Last_Name`, `Username`, `Password`, `Age`) VALUES
(1, 'Λαζαρία', 'Ανυφαντή', 'dimitriadoy.takiarxia', 'K[uGiA?F\\hV(BhYt#D', 50);

--
-- Άδειασμα δεδομένων του πίνακα `author`
--

INSERT INTO `author` (`Author_ID`, `First_Name`, `Last_Name`) VALUES
(1, 'Élise', 'Delmas'),
(2, 'Vitali', 'Seeger'),
(3, 'America', 'Jakubowski'),
(4, 'Karim', 'Grassi'),
(5, 'Fernando', 'Mancini'),
(6, 'Nelli', 'Schmid'),
(7, 'Rosel', 'Jahn'),
(8, 'Dora', 'Paucek'),
(9, 'René', 'Legrand'),
(10, 'Μεθόδιος', 'Ανδρέου'),
(11, 'Elena', 'Beier'),
(12, 'Wanda', 'Wunderlich'),
(13, 'Άγγελος', 'Ράφτη'),
(14, 'Παγώνα', 'Γρηγοριάδου'),
(15, 'Δροσιά', 'Παυλόπουλος'),
(16, 'Elena', 'Briseño'),
(17, 'Μεταξία', 'Κοκκίνου'),
(18, 'Λουκάς', 'Κόκκινος'),
(19, 'Juliana', 'Rice'),
(20, 'Patrick', 'Schilling'),
(21, 'Frédéric', 'Paris'),
(22, 'Corinne', 'Nicolas'),
(23, 'Cecco', 'Esposito'),
(24, 'Emine', 'Ziegler'),
(25, 'Fritz', 'Schmidt'),
(26, 'Hans-Josef', 'Meier'),
(27, 'Θεόδωρος', 'Λασκαρού'),
(28, 'Ottis', 'Cruickshank'),
(29, 'Henning', 'Schwarz'),
(30, 'Eliziario', 'Guerra'),
(31, 'Nicolás', 'Naranjo'),
(32, 'Christa', 'Braun'),
(33, 'Naomi', 'Leone'),
(34, 'Aurore', 'Joseph'),
(35, 'Paola', 'Verduzco'),
(36, 'Νικήτας', 'Παναγιωτίδης'),
(37, 'Bernhard', 'Anders'),
(38, 'Adrienne', 'Monnier'),
(39, 'Inès', 'Couturier'),
(40, 'Brooke', 'Blanda'),
(41, 'Donato', 'Pollich'),
(42, 'Gaetano', 'Little'),
(43, 'Pascal', 'Schlüter'),
(44, 'Garrett', 'Harvey'),
(45, 'Gabriela', 'Calderón'),
(46, 'Hortense', 'Adam'),
(47, 'Ανάργυρος', 'Οικονομίδου'),
(48, 'Terrill', 'Bartoletti'),
(49, 'Quirino', 'Moretti'),
(50, 'Renée', 'Rossi'),
(51, 'Leone', 'Caputo'),
(52, 'Einar', 'Kirlin'),
(53, 'Francisco Javier', 'Meléndez'),
(54, 'Janae', 'Spencer'),
(55, 'Marcus', 'Weis'),
(56, 'Pierfrancesco', 'Galli'),
(57, 'Jordane', 'Collier'),
(58, 'Marco', 'Velasco'),
(59, 'Lavada', 'Schumm'),
(60, 'Λεμονής', 'Καπετανάκη'),
(61, 'Melba', 'Hagenes'),
(62, 'Benedetta', 'Palmieri'),
(63, 'Thomas', 'Simon'),
(64, 'Κοσμάς', 'Βασιλείου'),
(65, 'Alfred', 'Marchal'),
(66, 'Ίων', 'Παπαστεφάνου'),
(67, 'Τσαμπίκα', 'Παπακώστας'),
(68, 'Ιουλιανή', 'Θεοδωροπούλου'),
(69, 'Sophie', 'Dupont'),
(70, 'Lucas', 'Quiñónez'),
(71, 'Sandy', 'Pohl'),
(72, 'Carlota', 'Ordóñez'),
(73, 'Bertrand', 'Renaud'),
(74, 'Alexandra', 'Carrero'),
(75, 'Lucy', 'Regnier'),
(76, 'Πασχάλης', 'Ηλιοπούλου'),
(77, 'Théophile', 'Fischer'),
(78, 'Reinhold', 'Bach'),
(79, 'Magdalena', 'Reiter'),
(80, 'Coleman', 'Brekke'),
(81, 'Λουλουδένια', 'Δασκαλοπούλου'),
(82, 'Quinton', 'Langosh'),
(83, 'Nerea', 'Pardo'),
(84, 'Karli', 'Turcotte'),
(85, 'Leta', 'Glover'),
(86, 'Verónica', 'Fierro'),
(87, 'Gael', 'Valero'),
(88, 'Selvaggia', 'Conte'),
(89, 'Janet', 'Stock'),
(90, 'Chyna', 'Stroman'),
(91, 'Arcibaldo', 'Rossetti'),
(92, 'Dagmar', 'Marx'),
(93, 'Ρουμπίνη', 'Ράφτη'),
(94, 'Kolby', 'Zieme'),
(95, 'Tommie', 'Towne'),
(96, 'Gilles', 'Cohen'),
(97, 'Diamante', 'Negri'),
(98, 'Karina', 'Moritz'),
(99, 'Αχιλλέας', 'Παπαμάρκου'),
(100, 'Jayne', 'Kunze');

--
-- Άδειασμα δεδομένων του πίνακα `book`
--

INSERT INTO `book` (`Book_ID`, `Title`, `Publisher`, `ISBN`, `Number_of_pages`, `Summary`, `Available_copies`, `Image`, `Language`, `Keywords`) VALUES
(1, 'Ο Αλέκος δε βάσταξε.', 'Albin Michel', '9781176385146', 474, 'Αλεξάνδρα σε συλλογή. Και ο Γιάννης κι έμειναν τ\' αδέλφια του Αντώνη! - Δεν είναι ανάγκη, πετάχθηκε και είπε της μις.', 13, 'https://via.placeholder.com/400x600.png/00cc77?text=dignissimos', 'Italian', 'est, quis, sapiente, quo'),
(2, 'Αυτός και τ\'.', 'Penguin Random House', '9796172554601', 99, 'Και ύστερα, με σουφρωμένα φρύδια, ρώτησε: - Μπρε διαβολάκι, από πότε το έχεις στην τσέπη του και είπε στερεώνοντας τη φωνή της. - Αυτά που λες μόνο ένα μωρό σαν και σένα μπορεί να μείνει η Αλίς το μεσημέρι... Κατακοκκίνισε η.', 8, 'https://via.placeholder.com/400x600.png/00aa99?text=repellat', 'French', 'totam, adipisci, veniam, adipisci'),
(3, 'Ακούς, λέει, να φάγει.', 'Εκδόσεις Καστανιώτη', '9792292337841', 148, 'Αλέξανδρου. Μάντεψε ευθύς καβγάδες και λογομαχίες, όπου ο θείος Ζωρζής βγήκε στη βεράντα και.', 15, 'https://via.placeholder.com/400x600.png/007722?text=autem', 'English', 'velit, sint, dolorum'),
(4, 'Πουλουδιά που όλο.', 'Ediciones B', '9784240957379', 124, 'Όταν πουλά στάμνες, δε φορεί παπούτσια, είπε, και είναι πασαλειμμένο γκόμες και μουντζούρες! Είναι... είναι... Δεν τόλμησε να ξαναβγεί στη βεράντα με τους στρατιώτες του.', 3, 'https://via.placeholder.com/400x600.png/008899?text=sunt', 'Greek', 'beatae'),
(5, 'Αντώνη, τυλίγοντας.', 'Roca Editorial', '9788539474226', 70, 'Σαν τη μις Ράις! είπε η θεία. Ο κύριος είχε τυλίξει χαρτιά στα μαλλιά των κοριτσιών, τα τέσσερα αδέλφια με τη δασκάλα, που είχε ακούσει το τσικ τσικ των κανατιών του.', 10, 'https://via.placeholder.com/400x600.png/003311?text=ad', 'Greek', 'est'),
(6, 'Και είπε.', 'Hachette Livre', '9799965568298', 678, 'Και οι τρεις κρέμουνταν στο αλυσιδάκι τους, από πάνω από την Πουλουδιά. Το μάτι της Πουλουδιάς που γύρευε να ξεφορτωθεί τη γάτα, και ο Αντώνης, και πάλι σκόρπισαν, πεθαμένοι και πληγωμένοι, όλοι σχεδόν είχαν στραβωμένες τις βάσεις. Το είδε η Αλεξάνδρα και Αλέξανδρο και.', 9, 'https://via.placeholder.com/400x600.png/001199?text=consequatur', 'Spanish', 'qui'),
(7, 'Με τα μάτια του στα γόνατα.', 'Albin Michel', '9783028260144', 547, 'Γιάννη! - Πηγαίνω ύστερα! αποκρίθηκε ο Αντώνης το δεξί του χέρι από την καγκελαρία, η ουρά των.', 6, 'https://via.placeholder.com/400x600.png/0077ff?text=aut', 'Spanish', 'doloribus, qui'),
(8, 'Εσύ δεν της είχε δώσει μια σπρωξιά.', 'Marsilio Editori', '9798482804902', 536, 'Εγώ θα σου βάλω άρνικα. Η Αφροδίτη γέλασε. Γύρισε ο Αντώνης το ναυτικό κολάρο του. Τον τράβηξε ο Αντώνης, μισοχαρούμενος, μισοντροπιασμένος για το θάνατο της μις Ράις και που πηδούσαν στους βράχους και από κείνον κρέμουνταν να πει ο Αλέξανδρος. Έσκυψε το.', 1, 'https://via.placeholder.com/400x600.png/003366?text=provident', 'German', 'quas'),
(9, 'Θα του \'σπανα τα μούτρα του.', 'Marsilio Editori', '9789059114678', 96, 'Αντώνης. - Μα γιατί κάθεσαι στον ήλιο; Πύρωσε το κεφάλι της με τα μαντατούρικα τριμμένα μπροστά παπούτσια του και το κουτί της στον αδελφό του, τάχα να τον δείρουν, παρά είπε μόνο να φυλάγει το γαϊδούρι του, που, φορτωμένο όσο και χθες, ανέβαινε.', 9, 'https://via.placeholder.com/400x600.png/006633?text=id', 'Italian', 'et, autem, nobis'),
(10, 'Σωριασμένος στα γόνατα, ακουμπισμένος.', 'Εκδόσεις Ιανός', '9797170732138', 643, 'Αλίς Χορν. - Όχι, θεία! αποκρίθηκε χωρίς πολύ θάρρος ο Αντώνης. Από τη σαστισμάδα της η Αλίς λίγο διστακτικά και ακούμπησε το χέρι της Εγγλέζας που έλεγε: - Δεν είναι αλήθεια, πες, πως θα τα βάλομε; έκαναν. Και σταμάτησαν την πάλη. Πέταξε.', 18, 'https://via.placeholder.com/400x600.png/00ee66?text=itaque', 'Greek', 'consequatur, provident'),
(11, 'Τι κάνουν, λέει; - Μου πουλά.', 'Dumont Verlag', '9797353945041', 571, 'Ένας μπάτσος του βρεγμένου χεριού της «δεσποινίδας» του έκοψε τη φόρα. Και είπε δειλά η Πουλουδιά: - Κι εγώ αν έβλεπα να παίζουν αμπάριζες, θα έμπαινα στο παιχνίδι. Καλά έκανες, Αντώνη... Με το δεξί του χέρι την άρπαξε ο.', 15, 'https://via.placeholder.com/400x600.png/00dd44?text=et', 'Italian', 'fugiat, aspernatur, et'),
(12, 'Αυτό είναι.', 'Galaxia Gutenberg', '9781038419217', 405, 'Και του είναι απαγορευμένο να παίζει με την ησυχία του σπιτιού. - Τι ανοησίες! είπε πάλι η καρδιά τους βούλιαζε στα τακούνια τους με τσιριχτές σφυριγματιές και λαχανιάσματα βιαστικά, φούτου φούτου και, όσο και να πιάσει τη σαύρα. Φοβισμένη αυτή.', 12, 'https://via.placeholder.com/400x600.png/001199?text=ut', 'Italian', 'quas, quis, magni, perspiciatis'),
(13, 'Ήταν πολύ βαρετό. Δεν είναι.', 'Grasset', '9787022086328', 751, 'Και όταν ανέβηκε η φωνή του έτρεμε σαν κατσίκας. Η Αλεξάνδρα μελετούσε σκάλες στο πιάνο, ο Αλέξανδρος, στους καβγάδες, ήταν πάντα κόμμα της, ο Αντώνης για το τέλος της ιστορίας. Από τα πρώτα λόγια του.', 11, 'https://via.placeholder.com/400x600.png/0055bb?text=consectetur', 'French', 'aut, animi, est, laborum, eaque'),
(14, 'Αλέξανδρος δεν το.', 'Éditions Stock', '9798413592311', 541, 'Αλέξανδρου ξεσπούσε έξαφνα στο κεφάλι του. Αυθόρμητα σήκωσε το τραπέζι στα χέρια της. Από πάνω από το πέσιμο της. Σηκώθηκε με στραβό ποδάρι σήμερα η Αλίς! Κι έμπηξε τα.', 17, 'https://via.placeholder.com/400x600.png/000066?text=et', 'English', 'alias, ut, quia, distinctio, laborum'),
(15, 'Μαριέτα. Και βλέποντας τ\' ανίψια της που.', 'Kiepenheuer & Witsch', '9786204687315', 511, 'Και ύστερα κοίταξε τα στρατιωτάκια του Αλέξανδρου, που και αυτό σ\' αρέσει; ρώτησε σαστισμένη η Αλεξάνδρα τα χέρια ακόμα αιχμαλωτισμένα στα χέρια του, ο.', 20, 'https://via.placeholder.com/400x600.png/0022aa?text=quam', 'Greek', 'mollitia, qui, asperiores'),
(16, 'Ντον, το.', 'Εκδόσεις Μεταίχμιο', '9781399970716', 72, 'Τότε και μόνο τόλμησε να πει: - Μα είναι η μις Ράις και, με τα δικά τους μυστικά. Έτσι, εκείνη την ημέρα που βρήκε μια κουβέντα να κάνει και ο Αντώνης δεν τα.', 20, 'https://via.placeholder.com/400x600.png/0066dd?text=quia', 'German', 'enim, aliquam, harum'),
(17, 'Στάμος λέγει πως.', 'Macmillan Publishers', '9795170624651', 704, 'Πουλουδιά δεν έκλαψε! Και σαν τον φίλησαν και τον έσπρωξε κατά την Πεντέλη. Πας με το δεξή του δείχτη πίεσε κάτω το τρυπημένο δάχτυλο και, προσέχοντας μην τον πιάσει... γιατί ψέματα δεν ξέρει!» Το \'λεγε και η.', 15, 'https://via.placeholder.com/400x600.png/0044aa?text=nulla', 'Italian', 'aperiam, architecto'),
(18, 'Αντώνης δεν.', 'Le Dilettante', '9793089268478', 713, 'Εκείνη η μέρα μόλις αρχίζει! Στη βεράντα, σαν έφθασαν, ήταν κόσμος. Η Κατίνα άπλωσε το χέρι σου, Αντώνη, Τρελαντώνη, κι ευχαριστώ! φώναξε. Ο Αντώνης δήλωσε πως αυτό ήταν κακό. Ώστε.', 15, 'https://via.placeholder.com/400x600.png/00ff44?text=nam', 'Italian', 'maxime, odio, dolore, sit'),
(19, 'Και περιμένει απέξω.', 'Random House Germany', '9781590481646', 715, 'Δυο μαντέρια, από την αυλή. Η πόρτα του σαλονιού στέκουνταν η θεία Μαριέτα. - Και σημάδεψε καλά! πρόσταξε η Αλεξάνδρα. Και όλο λέγει ο παπα-Δημήτρης, βεβαίωσε φωναχτά, από πίσω από.', 5, 'https://via.placeholder.com/400x600.png/0077ee?text=aut', 'French', 'optio, totam'),
(20, 'Αλεξάνδρα: - Η.', 'Grupo Santillana', '9798712318056', 781, 'Και ο Περικλής; Και ο Χριστός ήταν Εβραίος, είπε πάλι πως την πονεί το παπούτσι σου! - Δεν είναι και αυτός.', 14, 'https://via.placeholder.com/400x600.png/00ddcc?text=sint', 'German', 'eum'),
(21, 'Η Πουλουδιά είχε σηκώσει.', 'Εκδόσεις Κλειδάριθμος', '9798103530487', 375, 'Και τον έπιασε; ρώτησε με κλάματα ακόμα στη φωνή του. - Ο δικός μας ο Κέρβερος, στην Αλεξάνδρεια, πολλές φορές σε κέρδιζε! - Στο λιμένα! - Μόνος! - Το ξέρω, είπε. Ο Μαξ κι εγώ δεν μπορούσα να τον σηκώσουν, και φωνάζαμε.', 17, 'https://via.placeholder.com/400x600.png/0011dd?text=cupiditate', 'Greek', 'molestias'),
(22, 'Που είναι σα να λέγει πως.', 'Εκδόσεις Πατάκη', '9792446197192', 651, 'Αντώνη και το ξεφορτώθηκαν και αναστέναξε ο Αντώνης να χαρεί τη δόξα του. Ρώτησε η Κατίνα: - Ελάτε δω, παιδιά, και κάθουνταν σ\'.', 11, 'https://via.placeholder.com/400x600.png/004400?text=cum', 'German', 'facere, non, eos, sed'),
(23, 'Μα τα μάτια.', 'Εκδόσεις Ψυχογιός', '9788840203072', 768, 'Αφού ήταν στην κάμαρα πάνω... Κατίνα, πάρε συ τα κλειδιά μου, άνοιξε την ντολάπα του λινού, βγάλε σεντόνια, πεσκίρια, μαξιλαροθήκες... Κλειώ, τρέχα πες της κερα-Ρήνης να ξεπεταχτεί να πάρει από.', 2, 'https://via.placeholder.com/400x600.png/0066aa?text=explicabo', 'Spanish', 'ut, ex'),
(24, 'Και σαν παρουσιάστηκε τρεχάτη η.', 'Flammarion', '9784277652384', 406, 'Από την Αφροδίτη να το ζητήσει; Σε παρακάλια δεν ξέπεφτε κανένα από τα παρατεταγμένα μολυβένια στρατιωτάκια. Ο Αντώνης δεν πονούσε πολύ, μα δε φοβάσαι και να τρέξομε να φύγομε, κι εκείνη τράβηξε το χαδιάρικο χέρι του γύρω στο.', 13, 'https://via.placeholder.com/400x600.png/0066aa?text=officia', 'Greek', 'odit, tenetur, rem'),
(25, 'Κλειώ, που.', 'Éditions du Seuil', '9790325292808', 630, 'Μ\' από μέσα από τα κατσαρωμένα της φουντωτά μαλλιά. Και ακολούθησε μάχη άγρια, αλλά σιωπηλή, χωρίς.', 0, 'https://via.placeholder.com/400x600.png/009955?text=excepturi', 'German', 'quaerat, nihil, repellendus'),
(26, 'Και πλάγι τους το πενταχρονίτικο, πάντα.', 'Feltrinelli', '9798433980624', 356, 'Ο Αλέκος δε βάσταξε στον πειρασμό. Πιάστηκε στην πλώρη και πήδηξε από πάνω από το πέσιμο της. Σηκώθηκε με στραβό.', 1, 'https://via.placeholder.com/400x600.png/0099ee?text=earum', 'German', 'voluptatum, nemo, officiis'),
(27, 'Και βρέθηκε στη βάρκα και να.', 'Einaudi', '9782970310617', 620, 'Εγώ, είπε αργότερα η Αλεξάνδρα με τον άλλο τόσο νευρική κοίταζε η θεία με φρίκη και αηδία το θησαυρό.', 10, 'https://via.placeholder.com/400x600.png/003388?text=facilis', 'Italian', 'aspernatur, rem'),
(28, 'Και βόησε η τραπεζαρία βούιζαν από.', 'Le Dilettante', '9781639684137', 369, 'Μα η Πουλουδιά, για να στηριχθεί, μ\' αντάμωσε το βλέμμα της Αλεξάνδρας και του είπε: - Ναι, μα... έκανε. Γύρευε να θυμηθεί για ποια τέχνη γεννιούνται τα κορίτσια. Τα σφιγμένα μαλλιά, τεντωμένα και τραβηγμένα στις ρίζες, τα χαρτιά και δε θα.', 2, 'https://via.placeholder.com/400x600.png/000088?text=earum', 'Greek', 'repellendus, quia, delectus'),
(29, 'Όχι! Όχι, θεία! Παρακαλώ!.', 'Alfaguara', '9791825175547', 337, 'Γιάννης πως είναι η Κηφισιά; ρώτησε ο Αλέξανδρος. - Και πού βρήκες την άρνικα; - Στην άκρη μόνο της.', 11, 'https://via.placeholder.com/400x600.png/00cccc?text=vitae', 'English', 'consequatur, vel, voluptatem, libero, a'),
(30, 'Αντώνη ούτε για τον.', 'Alfaguara', '9786537405716', 308, 'Αντώνης: - Είπε και κάτι περισσότερο. Κι έτρεψε σε φυγή όλα τα χαρτιά και τους είπε, μιλώντας αργά και.', 16, 'https://via.placeholder.com/400x600.png/007744?text=quae', 'English', 'nemo'),
(31, 'Πουλουδιά! είπε. Ούτε το.', 'Hachette Book Group', '9789536096565', 172, 'Δεν ήξεραν πως δε θα γίνω! διέκοψε ο Αντώνης όλο ξανασηκώνουνταν, όλο πηδούσε παραπέρα και όλο κουνούσε τα δάχτυλα του, και τη δασκάλα βγήκε από την καγκελαρία, η ουρά των Ευελπίδων έστριφτε στο γύρισμα του δρόμου. Τότε και μόνο το ξανθό κεφάλι του.', 2, 'https://via.placeholder.com/400x600.png/0011ff?text=corrupti', 'Spanish', 'in, sunt'),
(32, 'Ήταν πολύ βαρετό. Δεν.', 'Garzanti', '9791831702126', 699, 'Αντώνης πάνω το κεφάλι της πάνω από τον άγκωνα. Κι έπρεπε να προσέχεις να μη θυμώσω! Ο θείος δε βιάζουνταν να μιλήσει. Σκέπτουνταν και κοίταζε πώς να το κάνει. Ο Αντώνης κοκκίνισε. - Δε θα.', 5, 'https://via.placeholder.com/400x600.png/003333?text=natus', 'French', 'consectetur, ut'),
(33, 'Αλεξάνδρα. Και.', 'Piper Verlag', '9785453849529', 230, 'Αλεξάνδρεια... - Έφθασαν, θεία! διέκοψε η Αφροδίτη. Πουλουδιά, τρέξε! Στο σερτάρι μου έχω ένα μπογαλάκι με το δάχτυλο το μουσκεμένο Αντώνη και γειτόνισσα του, είχε δύο.', 10, 'https://via.placeholder.com/400x600.png/00ddcc?text=non', 'Italian', 'maiores, quod, at, error'),
(34, 'Τι έκανες! φώναξε ο Αντώνης βλέποντας.', 'Random House Germany', '9787277087521', 657, 'Κατέβηκε ο Γιάννης, ο εξάδελφος μας! Να δεις τι έχεις να πάθεις! - Γιατί; Τι μαθαίνω; ρώτησε ανήσυχα η θεία.', 2, 'https://via.placeholder.com/400x600.png/0099dd?text=a', 'German', 'vero, repellat'),
(35, 'Ώσπου τους.', 'Groupe Éditorial L\'Express', '9781840207217', 361, 'Και πάλι τράβηξε ο Αντώνης, μαζεμένος πάλι: - Ναι, γιατί δε μας είπαν τίποτα; ρώτησε ο Αντώνης. - Γιατί δε ρωτήσατε τη θεία να.', 10, 'https://via.placeholder.com/400x600.png/00ee11?text=corporis', 'Italian', 'facilis, consequatur, ea, voluptatem'),
(36, 'Ξαναλερώθηκαν, κυρία, ήταν ζέστη χθες.', 'Gallimard', '9785071535583', 761, 'Αντώνη και είπε πως είχε παραμιλητά, και ύστερα παρακαλείς να μην κουνήσομε πια από δω, παιδιά; Πού είναι η Κηφισιά.', 2, 'https://via.placeholder.com/400x600.png/00bb00?text=quis', 'Spanish', 'eaque, voluptatem, aspernatur, dolor, quo'),
(37, 'Και αλήθεια είχε αρχίσει άσχημα η μέρα.', 'Hachette Book Group', '9795247788224', 117, 'Δεν ξέρεις τι να πεις! Όλο τη μεγάλη βασιλοπούλα που φορούσε κιόλα την πετσέτα και ακολούθησε τον Αντώνη. - Αισθάνεσαι καλύτερα; ρώτησε. - Ήταν καλόγεροι στης Αλίς; Εβραίοι καλόγεροι; - Μα δεν προσέχεις! του φώναξε η.', 2, 'https://via.placeholder.com/400x600.png/00ddcc?text=ea', 'Spanish', 'sit, voluptates, consequatur, in, similique'),
(38, 'Καλά και ράβει η.', 'Rizzoli Editore', '9781748267931', 723, 'Τον πήρε ιδιαιτέρως και του άνοιξε τη μύτη, και τον Αλέξανδρο, αφήνοντας έξω τον Αντώνη, που ζούσαν στην Αίγυπτο, δεν μπόρεσαν να σταματήσουν απότομα, και τα μαλλιά της.', 3, 'https://via.placeholder.com/400x600.png/0044aa?text=voluptatem', 'English', 'facere, non'),
(39, 'Γοριτσιάνα και.', 'Εκδόσεις Πολιτεία', '9797609451258', 696, 'Αλίς Χορν ξερή; ρώτησε ο Αλέξανδρος πίσω από το παρακάτω τραπέζι, ακούστηκε μια φωνή γνωστή, η φωνή της θείας.', 3, 'https://via.placeholder.com/400x600.png/00ccff?text=sunt', 'English', 'officia, vitae'),
(40, 'Μαριέτα. - Θα του κάνουν.', 'Rizzoli Editore', '9785025146377', 598, 'Αφροδίτη να του δείξουν πως αναγνώριζαν την υπεροχή του, την ατρομησιά και τη λαχτάρα. - Ποιοοος; ρώτησε η Πουλουδιά.', 5, 'https://via.placeholder.com/400x600.png/0044ff?text=voluptas', 'Greek', 'rem, eos'),
(41, 'Γιατί κλαις; Τι.', 'Alfaguara', '9798006655850', 105, 'Αργίνη το χέρι του γύρω στο γαϊδουράκι του; - Ήθελε η Πουλουδιά και τον φιλούσε, ο Αντώνης από το σπουδαστήριο.', 7, 'https://via.placeholder.com/400x600.png/00aa99?text=veniam', 'English', 'repudiandae, omnis'),
(42, 'Ο Γιάννης είχε ξαναβάλει τα χέρια στην τσέπη.', 'Cambridge University Press', '9783881859257', 106, 'Κανένας, κυρία! Ποιος θα τον κλοτθθθούθα και θα τις έφαγε πάλι. - Γιατί λοιπόν πήγες μονάχη; ρώτησε ο Αντώνης. Ήταν όλοι σκοτωμένοι! - Δεν την είπα! - Καλά, δεν άκουσες το κλοπακλόπ.', 11, 'https://via.placeholder.com/400x600.png/00aacc?text=aut', 'English', 'est, reprehenderit, qui, esse'),
(43, 'Και τα λέγει τώρα στη μαμά τα.', 'Rowohlt Verlag', '9791117191422', 613, 'Δεύτερη ψευτιά σήμερα, από καλοσύνη, είπε ο θείος Ζωρζής επίσης. Μα η Πουλουδιά, παρά μόνο ο.', 8, 'https://via.placeholder.com/400x600.png/00cccc?text=id', 'English', 'inventore, id, pariatur, sed, praesentium'),
(44, 'Συλλογίστηκε μια στιγμή στης.', 'Flammarion', '9797415671055', 77, 'Εγώ θα σου τους σαρώσω όλους κάτω! Ο Αλέξανδρος, στη φοβερή αυτή ενθύμηση, έλιωσε πάλι στα τέσσερα αδέλφια, χωρίς μονάρχες και.', 15, 'https://via.placeholder.com/400x600.png/004422?text=vel', 'German', 'exercitationem'),
(45, 'Ο Αντώνης κοίταξε τα χέρια σταυρωμένα.', 'Suhrkamp Verlag', '9788345639819', 662, 'Αλέξανδρου και φαίνουνταν χαρούμενη όσο ποτέ ακόμα. Μα ο θείος δε θέλει!» Μα εκείνος πρόσταξε: «Φέρε μού τον!» Κι εγώ είμαι αγόρι! φώναξε ο.', 11, 'https://via.placeholder.com/400x600.png/00aa55?text=aliquam', 'Italian', 'consectetur, consectetur, quam, consequuntur, voluptatibus'),
(46, 'Αλεξάνδρεια.', 'Random House', '9795497337968', 111, 'Αλεξάνδρα. Ποιος την έπιανε πια την Αλεξάνδρα! Πήγε να ρωτήσει ο Αντώνης... Μια βάρκα ιδιαιτέρως του άρεσε. Ήταν κάτασπρη, με μια τσούρμα μαρίδα. Συγκινημένη χάιδεψε η Αφροδίτη είχε.', 2, 'https://via.placeholder.com/400x600.png/00aacc?text=maiores', 'Spanish', 'earum, iusto, consectetur, architecto, fuga'),
(47, 'Αφροδίτη. Και.', 'Ediciones Salamandra', '9795187467746', 750, 'Μια στιγμή δίστασε ο Αντώνης. Εγώ σου λέγω για βόλους! Στους βόλους τα βγάζει πέρα μαζί μου; - Και είδε το καπέλο του και χαμογελούσε ακόμα πιο χαμηλωμένα. Πίσω ακολουθούσαν σιωπηλά η θεία θα δει τα ρούχα του.', 0, 'https://via.placeholder.com/400x600.png/006644?text=saepe', 'Italian', 'quo, exercitationem, nam, ut, corporis'),
(48, 'Αφού ρώτησε, έκανε ο Αντώνης κι έπιασε.', 'Éditions du Seuil', '9793143294573', 128, 'Αχ, έλα και συ!... Μέσα στην κάμαρα της κι έμεινε ακίνητος, περιμένοντας το αστροπελέκι που θα \'ρχουνταν οι γονείς... και πήγα στο λιμένα... ήξερε το δρόμο... και αν.', 4, 'https://via.placeholder.com/400x600.png/003311?text=dolor', 'German', 'velit, quos, occaecati, dolore'),
(49, 'Χθες βράδυ. - Μα δε διάβαζε.', 'Flammarion', '9782969794688', 538, 'Αντώνης ακόμα πιο σιγά ο Αλέξανδρος. Μα πάλι δεν πνίγηκε. Εμείς έχομε το ένα μες στο άλλο πίσω στην πλάτη και παντού, παντού! Και τρέξαμε με την αδελφή του, ρώτησε ο Αντώνης. Αφού ήταν στην κάμαρα τους, όπου έκαιε ένα κερί. Μπήκε και ο Αντώνης. - Καθόλου! φώναξε.', 8, 'https://via.placeholder.com/400x600.png/005566?text=vel', 'Spanish', 'qui, commodi'),
(50, 'Αφροδίτης. - Τι τρέχει απάνω.', 'Feltrinelli', '9781783320769', 361, 'Εσύ άξιζε να είσαι στη σοφίτα; - Γιατί... γιατί, ξέσπασε ο Αντώνης δεν του αποκρίθηκε. Μόνη η Πουλουδιά δεν το είχε συλλογιστεί! Κι επίσης έξαφνα γέμισαν τα μάτια της, θολά και κατακόκκινα, παράβγαιναν, θα \'λεγες, με τη θέα αυτή, που ξιπάστηκε σαν τον ρώτησε η.', 8, 'https://via.placeholder.com/400x600.png/00bb33?text=cum', 'Greek', 'commodi, aliquam'),
(51, 'Εσύ άξιζε να είσαι αγόρι! - Γιατί.', 'Grupo Santillana', '9793030008610', 224, 'Και να δούμε ποιος θα βγει έξω. Και μες στη βάρκα σα βασιλιάς στο βασίλειο του. Ένα κύμα πήρε τη «Μαγδαληνή» και την τιμωρία σου. Να έχεις έννοια, σαν περάσει τ\' απόγεμα ο Μπαρμπαγιάννης Κανατάς; Και πώς το ξέρεις, μπρε παιδάκι μου; - Και θα κορόιδευε ο Γιάννης, καθησυχαστικά: - Δεν έχω.', 20, 'https://via.placeholder.com/400x600.png/00bb11?text=quo', 'Italian', 'quo, deleniti, necessitatibus, autem'),
(52, 'Αντώνη κι έτρεχε άφθονο αίμα.', 'Εκδόσεις Παπαδόπουλος', '9787868587126', 299, 'Καλά είπε ο Αντώνης, κι έπιαναν σκλάβους και τους φοβήθηκε ο Αλέξανδρος, ενθουσιασμένος που έπιασε ο Αντώνης δεν του έδωσε το φάκελο και ξανάφυγε σα σαΐτα. Ίσια μες.', 18, 'https://via.placeholder.com/400x600.png/00bb33?text=officia', 'Spanish', 'minima'),
(53, 'Να, είπε ο Αντώνης. Εγώ ήθελα.', 'Adelphi Edizioni', '9781643157320', 516, 'Μα στο σχολείο σου; έκανε η Αφροδίτη δεν ξέρει; έκανε ανυπόμονα. Έπειτα, να που τιμωρήθηκες μόνος σου με βρώμικα χέρια... που πιάσανε τους βόλους μου, εγώ δε θα περάσει μια μέρα και ο Αντώνης στην κουπαστή και κλοτσούσε το ξύλινο περίφραγμα. - Τίποτα δεν ξέρεις! Ούτε μίλησες του Γιάννη!.', 9, 'https://via.placeholder.com/400x600.png/001111?text=consequatur', 'Spanish', 'nihil'),
(54, 'Ξαφνίστηκε η Πουλουδιά κλονισμένη.', 'Siruela', '9786475893880', 198, 'Μα μια μέλισσα... μια μέλισσα... μια μέλισσα... είπε φουριαστά ο Αλέξανδρος, που δεν τις ξέρομε. Φώναξε και την ίδια ώρα έβγαινε στη βεράντα, σήκωσε ο Μπαρμπαγιάννης ο Κανατάς! - Και αύριο, Κυριακή, θα.', 4, 'https://via.placeholder.com/400x600.png/00ffee?text=commodi', 'English', 'fuga, dolor, blanditiis'),
(55, 'Αλέκο που έπαιξαν.', 'Einaudi', '9785068126336', 705, 'Ναι... μα ίσως και τώρα να πάγει να καλέσει την Αλίς Χορν. - Όχι, εγώ! είπε άθυμα ο Αντώνης. - Από πού το ξέρεις πως τους πέταξαν; ρώτησε. Μπορεί ένα αγόρι να τους δώσεις, σε καβαλικεύουν κιόλα». Χρειάζουνταν η.', 13, 'https://via.placeholder.com/400x600.png/0033cc?text=quae', 'German', 'fugit, ullam, est, totam'),
(56, 'Πουλουδιά να φέρουν.', 'Éditions Stock', '9784818220669', 494, 'Αλεξάνδρα αδελφή· ναυμαχίες γύρω στη στέρνα, με ναυαρχίδα ανυπότακτη Κλειώ, και μπουρλότα Μανόλη, Αλέκο, Πουλουδιά· ληστείες στα κορφοβούνια των μπάγκων φυγή αιχμαλώτων Λουκία.', 14, 'https://via.placeholder.com/400x600.png/009988?text=autem', 'Spanish', 'tempora'),
(57, 'Και αφού έσκαψαν.', 'Galaxia Gutenberg', '9796159697314', 438, 'Αλεξάνδρα, αναπολώντας πάλι το δράμα: - Ήρχουνταν ο αξιωματικός από την αυλή τους. Γύρισε η Αλεξάνδρα στ\' αδέλφια του, που ήταν, και είπε: - Έλα.', 15, 'https://via.placeholder.com/400x600.png/009922?text=eos', 'Italian', 'ut, labore'),
(58, 'Αντώνη. Κι.', 'Suhrkamp Verlag', '9798586016751', 800, 'Και σαν είπε η Αλεξάνδρα, μπήγει τα κλάματα του. Και θα είπε της Αφροδίτης να μην καταπιανόμαστε τέχνες που δεν έλεγε ποτέ.', 7, 'https://via.placeholder.com/400x600.png/005533?text=laudantium', 'Greek', 'unde, accusamus, totam, sunt'),
(59, 'Και πέρασε πολλή ώρα κι εκείνοι.', 'Adelphi Edizioni', '9781064895344', 622, 'Τι κουταμάρα να \'χεις κοντά μαλλιά! της είπε. Αν είχες κοτσίδα, θα την αφήναμε κει και θα την κορόιδευαν τ\' αδέλφια του περνούσαν για μπούφοι, εκεί που δε σε ρώτησα! είπε η Αλίς. - Ναι, είπε χωρίς να τους δώσεις, σε καβαλικεύουν κιόλα».', 18, 'https://via.placeholder.com/400x600.png/0099dd?text=quia', 'Greek', 'quia, reprehenderit, vel, ipsam, itaque'),
(60, 'Πιάστηκε στην πλώρη και.', 'Suhrkamp Verlag', '9785951012289', 741, 'Η Πουλουδιά ξαφνικά θυμήθηκε. - Καθόλου! διαμαρτυρήθηκε ο Αλέξανδρος. - Όχι δα, καημένη! Αρκεί να πεις πριν για τη μις Ράις! Και ούτε να.', 9, 'https://via.placeholder.com/400x600.png/003366?text=totam', 'Spanish', 'dignissimos, vel, et, reprehenderit, aliquid'),
(61, 'Αφροδίτης να.', 'Siruela', '9789668208034', 146, 'Αντώνη. Κι εγώ αν έβλεπα να παίζουν βόλους, πως έχουν κούκλες και πως είσαι τιμωρημένος; Σιωπή στην κάμαρα. Μα την ίδια στιγμή έγινε σούσουρο, Αφροδίτη και φοβέρισε πως θα με δει ο διάβολος το σταυρό, σκάζει! Ο Γιάννης λέγει πως είναι καλοαναθρεμμένα παιδιά. Κι.', 15, 'https://via.placeholder.com/400x600.png/005533?text=eveniet', 'Spanish', 'porro, quia, optio'),
(62, 'Η μαμά και βγήκε έξω. - Όχι, δεν ήταν.', 'Penguin Random House', '9790421000413', 618, 'Πουλουδιά έστηνε καραούλι, μην παρουσιαστεί ξαφνικά κανένας από τους περαστικούς, μην τύχει και τον Αντώνη κοντά της. - Τι ανοησίες! Τις έλουσες χθες! διέκοψε η Αλεξάνδρα.', 16, 'https://via.placeholder.com/400x600.png/00ddcc?text=voluptatem', 'Greek', 'nam, assumenda'),
(63, 'Καθισμένα στα κρεβάτια.', 'HarperCollins', '9794653451678', 231, 'Τρεχάτη μπήκε μέσα η θεία δεν είχε τολμήσει ποτέ να μας βγάλει στη μέση - κάποτε κανένα κομμάτι σκοινί ή σπάγκο ή τέλι, μα προπάντων πέτρες, πέτρες όλων των σχημάτων, με φλέβες σταχτιές, μενεξελιές, τριανταφυλλιές ή μαύρες. Μια μέρα, η Πουλουδιά να της έλεγε: «Δεν πας παρακάτω;» Μα η.', 18, 'https://via.placeholder.com/400x600.png/0077bb?text=alias', 'German', 'eius'),
(64, 'Με τη μαρίδα, χαλάλι του, και πότε πίσω, για να.', 'Penguin Random House', '9794672126984', 696, 'Αν δεν τριφτείς με συντρόφους και αν είναι Εβραία; - Δεν ντρέπεσαι! Τα μπισκότα του βασιλέα! εξήγησε η Αφροδίτη. Μην τον δει κανείς εδώ! του είπε συρτά, με ύφος μεγάλου στρατηγού. Μα ήταν τόσο ψιλή η.', 3, 'https://via.placeholder.com/400x600.png/0011bb?text=explicabo', 'German', 'quaerat, nostrum'),
(65, 'Δε θα φάγει, θείε, ο Αντώνης; Αναγκάστηκε να.', 'Bompiani', '9796391461582', 118, 'Το πράμα άρχισε να κωπηλατεί, ρίχνοντας πίσω ανήσυχες ματιές, μην και τους άπλωσε στο τραπέζι με βρώμικη ποδιά... - Όχι, είπε, εγώ ξετύλιξα το σωλήνα! Τ\' αδέλφια έμειναν συλλογισμένα. Και ρώτησε διστακτικά: - Γιατί είναι καλύτερο να σε σγουράνουν και να τον παραφυλάξουν! - Έπρεπε να τον.', 7, 'https://via.placeholder.com/400x600.png/00bb66?text=rem', 'German', 'hic, asperiores'),
(66, 'Κλειώ, να τρως.', 'Εκδόσεις Κριτική', '9780191245602', 234, 'Τι κάνεις λέει; - Πέφτουν ξεροί! Ναι, θείε, μας το είπε της εξαδέλφης του, μισοντροπιασμένος μισοευχαριστημένος, χωρίς να φαίνεται. Και τον ξύπνησε η φωνή της θείας έβγαλαν σπίθες, και.', 4, 'https://via.placeholder.com/400x600.png/002211?text=ab', 'Greek', 'quibusdam, et'),
(67, 'Εβραία η Αλίς; ρώτησε αργά. Ο.', 'Siruela', '9787965409154', 578, 'Και πού να ξεφύγει από το φως. - Τι ήταν; ρώτησε η Πουλουδιά. Με τα χέρια του στις δίπλες του είχε δανείσει ο Μαξ, Η Μικρά Καλύβη του Δάσους, και δεν πάνε στο δικό του.', 6, 'https://via.placeholder.com/400x600.png/00ffdd?text=ut', 'Italian', 'omnis, reiciendis, aut, est'),
(68, 'Εγώ ποτέ πια δε θα.', 'Sellerio Editore', '9795997879807', 443, 'Αντώνη, και να παίζει μαμά και βγήκε στη βεράντα και μπήκε στην τραπεζαρία και καταπόντιζαν τη σκάλα και κοίταζαν, από πάνω από την κρεβατοκάμαρα. - Φυσάει μπάτης, αποκρίθηκε ο Αντώνης μάταια προσπαθούσε να την εγκαρδιώσει να ξεκολλήσει από.', 13, 'https://via.placeholder.com/400x600.png/007755?text=est', 'French', 'officiis, rem, cupiditate, harum, explicabo'),
(69, 'Γιάννη. Τους είδε.', 'Éditions du Seuil', '9788391307717', 447, 'Σταμάτησε άφωνη εμπρός στον αιματωμένο Αντώνη που σιωπηλά δέχουνταν, σα λίγο ζαλισμένος, χάδια και σάστισε και λιγώθηκε η Πουλουδιά, κουνώντας πάνω κάτω το τρυπημένο δάχτυλο και, προσέχοντας μην τον έμελε τον Αντώνη στην είσοδο. Βαστούσε ένα μποτιλάκι κι ένα παστρικό.', 2, 'https://via.placeholder.com/400x600.png/0088bb?text=pariatur', 'English', 'velit, sequi, quae'),
(70, 'Φυσάει μπάτης, αποκρίθηκε ο.', 'Εκδόσεις Πολιτεία', '9783603983161', 795, 'Η παρατήρηση του Αλέξανδρου στρώθηκε χάμω. Η Πουλουδιά κοντοστάθηκε, δίστασε. - Γιατί από δω, παιδιά; ρώτησε η Αλεξάνδρα: - Σώπα, Αλέξανδρε, είπα πως μ\' αρέσεις, πως.', 8, 'https://via.placeholder.com/400x600.png/00dd11?text=est', 'Spanish', 'inventore, ullam, totam'),
(71, 'Και σαν είδε τον εαυτό.', 'Random House', '9792145594940', 238, 'Μα ο Αντώνης το στρατό σου! Βιάζουνταν ο Αλέξανδρος το κουλούρι του στο τραπέζι, για το Ζάππειο! έκανε η Αλεξάνδρα. - Μπορεί να μην έφθανε αυτό, έμπηξε και ο Αντώνης και η Αλεξάνδρα που.', 9, 'https://via.placeholder.com/400x600.png/00eeee?text=dolore', 'French', 'nemo, voluptates, voluptatem, et'),
(72, 'Τα καστανά μάτια της θείας στο παράθυρο.', 'Penguin Books', '9789773164287', 328, 'Πουλουδιά. - Γρήγορα, άρνικα, πανιά, ξαντό! πρόσταξε η Πουλουδιά. Κρίμα που δεν είναι άρρωστος! Άιντε, πάμε.', 15, 'https://via.placeholder.com/400x600.png/0011ee?text=qui', 'Italian', 'voluptates, non'),
(73, 'Μπήκε στην είσοδο, είδε.', 'Εκδόσεις Κλειδάριθμος', '9798018372592', 423, 'Μα η Πουλουδιά ούτε για τον αδελφό της, νιώθοντας πως τις τρώγει από το δικό σου, τα βάζεις με μαγκόπαιδα δυο φορές που κρυφά έβαζε στα χείλια της μια γοργή ματιά της. - Καλημέρα, αποκρίθηκαν οι αδελφές. - Καλημέρα, είπε η θεία: - Ας ήσουν εδώ! είπε ο Μπαρμπαγιάννης Κανατάς. Πήρε το βόλο του.', 14, 'https://via.placeholder.com/400x600.png/00ee00?text=velit', 'French', 'et'),
(74, 'Εγώ σου το.', 'Dumont Verlag', '9788516554224', 75, 'Δεν ήταν όμως εύκολο πράμα να διευθύνεις. Ήταν γέρικο το άλογο της. Κι εγώ θα πω για τη σημαία μας παλιόχαρτο και μουντζούρα! - Δεν ξέρω... μουρμούρισε διστακτικά η Αλίς.', 2, 'https://via.placeholder.com/400x600.png/0055aa?text=maxime', 'Spanish', 'illo, omnis, perspiciatis, vero'),
(75, 'Και πρώτον.', 'Simon & Schuster', '9788772929613', 440, 'Ράις, ας ήταν και τόσο βέβαιος. Και αυτός από εμπόριο δεν ήξερε πώς να το πούμε στο θείο. Αυτός δε μας είπες πως εγώ θα της ξεφύγει αυτός τώρα που έσπασες το κρεβάτι του, χαρούμενος κι έτοιμος για μεγάλα καταπιάσματα. - Κακό όνειρο! είπε.', 12, 'https://via.placeholder.com/400x600.png/0000aa?text=debitis', 'German', 'exercitationem, totam'),
(76, 'Σε κέρδισε μια μέρα, σαν κόπηκε κι έκλαιγε.', 'Random House', '9780725392222', 520, 'Δεν ακούω... Σταθείτε, κατεβαίνω, είπε η Πουλουδιά, μα τη διέκοψε ο Αντώνης, ακίνητοι, τον κοίταζαν με όλη την οικογένεια. - Πώς δεν το έκανε ο Αντώνης, και βρέθηκα.', 20, 'https://via.placeholder.com/400x600.png/005555?text=modi', 'English', 'necessitatibus, soluta, et'),
(77, 'Μόνοι σας; Πού.', 'Sellerio Editore', '9781726196482', 273, 'Εγώ δεν ήξερα. Και είπε γλυκά η Αλίς: - Καλά, δεν άκουσες τ\' άλογο του που πήγαιναν κι έπαιζαν στο ίδιο περιβόλι όπου πηγαίναμε κι εμείς δεν έχομε αναμμένη, σίδερα ζεστά δεν έχει βόλους! Πώς με κέρδισε; Με τι; διέκοψε.', 20, 'https://via.placeholder.com/400x600.png/001188?text=eligendi', 'Spanish', 'blanditiis, architecto'),
(78, 'Η παρουσία της μις Ράις είπε.', 'Heyne Verlag', '9798585044120', 621, 'Βγήκε ο Αλέξανδρος με δεμένο το κεφάλι... Κοίταξε με! Ποιος σου είπε ο βασιλέας. - Μου έδωσε και τούτο! είπε. Έχωσε το χέρι του Αλέξανδρου, που και οι δυο... Μα να πει πως από τη θεία αν μπορούμε να προσκαλέσομε την Αλίς.', 2, 'https://via.placeholder.com/400x600.png/0055cc?text=expedita', 'German', 'ab, quibusdam, soluta, et, modi'),
(79, 'Να της πεις την αλήθεια, πως το.', 'Le Dilettante', '9795521341657', 710, 'Αντώνης. - Καθόλου! αποκρίθηκε η Πουλουδιά πώς τη λέγανε τη μικρή θα τα λέγανε κάτω. Και ήταν μεγάααλα.', 1, 'https://via.placeholder.com/400x600.png/001144?text=aliquid', 'Greek', 'qui'),
(80, 'Αντώνης. Ο Γιάννης λέγει.', 'Siruela', '9786911628380', 228, 'Αντώνης, από προχθές... το απόγεμα... Μα η Μαριόρα είχε εξαφανιστεί και τα μπράτσα γυμνά, τα μαλλιά στη θάλασσα.', 8, 'https://via.placeholder.com/400x600.png/00ccbb?text=accusamus', 'German', 'totam'),
(81, 'Αντώνης δε μίλησε. Και.', 'Random House', '9794132078686', 769, 'Γιώργης: - Στάσου, του είπε, θα σου πω πως δεν ξέρω γιατί δεν ήθελα να τη δεις! Και πήγε ο Αντώνης δεν απαντούσε σε κανένα. Η θεία.', 9, 'https://via.placeholder.com/400x600.png/0077aa?text=distinctio', 'Greek', 'amet, nesciunt'),
(82, 'Πήρε την πεντάρα και την έπιασε τρόμος.', 'Rizzoli Editore', '9788629029770', 408, 'Άγιο Σάββα, στεκόμασταν στο στασίδι της θείας και την κοίταζε από το χέρι, να πάρω και την ίδια στιγμή έγινε σούσουρο, Αφροδίτη και την άλλη μέρα μόνη η Πουλουδιά, μα τη διέκοψε ο Αλέξανδρος. Και οι γυναίκες, νομίζεις, δεν είναι καθόλου άσχημο, όπως είναι στο χάρτη, μια μπάλα στα μπλου.', 13, 'https://via.placeholder.com/400x600.png/0033dd?text=dolor', 'Spanish', 'veniam, aliquam, assumenda'),
(83, 'Δεν είχαν.', 'HarperCollins', '9787313758699', 492, 'Πουλουδιά στάθηκε, την καλοκοίταξε και, πιάνοντας το κεφάλι μαντιλοδεμένο και τα τέσσερα αδέλφια να μπαίνουν μέσα, αν δεν είχε τυλίξει το μαρκούτσι γύρω στο μέτωπο μια μελανιά που φούσκωσε σαν.', 4, 'https://via.placeholder.com/400x600.png/007799?text=doloremque', 'Spanish', 'ut'),
(84, 'Το διαμαντένιο της χτένι.', 'Piper Verlag', '9780524959992', 102, 'Αντώνης που ενθουσιάστηκε πάλι με την Πουλουδιά στάθηκε, την καλοκοίταξε και, πιάνοντας τον από το μεγαλύτερο.', 8, 'https://via.placeholder.com/400x600.png/001133?text=placeat', 'Greek', 'temporibus, incidunt, necessitatibus'),
(85, 'Αυτός δεν ήταν πουθενά.', 'Alfaguara', '9790987977112', 105, 'Ο Στάμος της είχε προσκολληθεί και την Κλειώ, που στα παιχνίδια ήταν η μις Ράις «Μαντ κατ»1. Αλήθεια, σαν τρελή έκανε! - Είναι μια μουντζούρα! μουρμούρισε. - Καλά! είπε ο Αντώνης. Εγώ θα της πω πια «Κακιά γυναίκα», μα θα σηκωθώ και θα νόμιζε πως είχε γλιτώσει, τον.', 18, 'https://via.placeholder.com/400x600.png/008844?text=eos', 'Spanish', 'cum, molestiae'),
(86, 'Αλίς; - Γιατί.', 'Albin Michel', '9781009954280', 545, 'Μα τη θεία του, πότε από τη ματιά της, που με κομψά μαύρα γράμματα απλώνουνταν στην πλώρη της, «ΜΑΓΔΑΛΗΝΗ». «Να \'χεις μια τέτοια βάρκα... και να μην έτρωγε δυο τρεις.', 7, 'https://via.placeholder.com/400x600.png/00bb66?text=ut', 'Spanish', 'libero'),
(87, 'Όλα μαζί τ\' αδέλφια μου!».', 'Le Dilettante', '9781453982389', 196, 'Πουλουδιά, που είχε βγάλει το δεξί του χέρι από την μπλούζα του Αντώνη! Και πρέπει να έχει ένα κορίτσι, για να θαμπώσει τον Αντώνη τον έκανε να λαχανιάζει. Τρεχάτη και λαχανιασμένη ανέβηκε και η Αλεξάνδρα.', 6, 'https://via.placeholder.com/400x600.png/00cc00?text=dolores', 'Italian', 'nisi, nulla, in, vel'),
(88, 'Ουφ! έκανε.', 'Éditions du Seuil', '9782642977377', 160, 'Αντώνης και σώπασε. - Να μη σου αλλάξει τα ρούχα του, σιάζοντας τον τσαλακωμένο του κολάρο. - Άνοιξε η μύτη μου! εξήγησε ο Αλέξανδρος, με τα όμορφα δάχτυλα της, του διόρθωσε τις ξανθές της πλεξούδες στεφάνι, παρουσιάστηκε στο άνοιγμα. - Καλημέρα!.', 3, 'https://via.placeholder.com/400x600.png/0055dd?text=perspiciatis', 'French', 'porro, assumenda, suscipit, voluptas, dolores'),
(89, 'Αλέκο, που ήταν καλή, όσο.', 'Grupo Santillana', '9780624798392', 589, 'Σκυμμένος έξω από τις ώρες που γίνουνταν τα μαθήματα, πάλι όρισε και τα πρόσφερε του Γιάννη. - Σου αξίζει όμως μια τιμωρία, μια γερή τιμωρία, και θα γράψεις ολόκληρο το λόγο στ\' αδέλφια του Αντώνη και την.', 10, 'https://via.placeholder.com/400x600.png/009911?text=illum', 'Italian', 'omnis'),
(90, 'Αντώνη. Και τότε κόντεψαν να.', 'Rizzoli Editore', '9781982851682', 652, 'Αντώνη. - Ώστε ο μαστροχαλαστής είσαι συ! Και τη ρώτησε η Αλεξάνδρα κλονίστηκε. Εκείνη όμως, σαν πιο μεγάλη τόλμησε να επαναλάβει τη λέξη, μα τα γύρισε μπρος πίσω η θεία Αργίνη τ\' απόγεμα! Θα βγείτε περίπατο με την καμιζόλα της και, όσο πλησίαζαν, τα δυο κουπιά. Μ\' αν έλθεις.', 14, 'https://via.placeholder.com/400x600.png/003355?text=quia', 'Spanish', 'sequi, inventore, sequi, repellendus'),
(91, 'Μα τους είχε περιγελάσει πως τα.', 'Mondadori', '9793584528329', 522, 'Τη λέξη όμως «ψέματα» κανένα απ\' τ\' αδέλφια είχαν αποφασίσει, πριν βγουν από το κρεβάτι του, χαρούμενος κι έτοιμος για μεγάλα.', 7, 'https://via.placeholder.com/400x600.png/009933?text=officiis', 'German', 'voluptatem, ea'),
(92, 'Η Πουλουδιά.', 'Hanser Verlag', '9794398711549', 358, 'Και βρέθηκε ο Αντώνης έμεινε στην πολυθρόνα της και πήδηξε κάτω από τα πυκνά του φρύδια κι έλεγε.', 20, 'https://via.placeholder.com/400x600.png/001155?text=illo', 'French', 'necessitatibus'),
(93, 'Πουλουδιά. - Γρήγορα, άρνικα, πανιά, ξαντό!.', 'Roca Editorial', '9790558812330', 175, 'Θεός! είπε η Αλεξάνδρα. - Ή πάλι στου βασιλέα; αντίκοψε η Πουλουδιά. Είπε: «Κάθε άλλος θα είχε γκρεμοτσακιστεί η μις.', 9, 'https://via.placeholder.com/400x600.png/0033bb?text=commodi', 'Spanish', 'molestias'),
(94, 'Πουλουδιά και μεγαλύτερος από τον.', 'Εκδόσεις Κριτική', '9796871146374', 621, 'Η Αλεξάνδρα, που δεν πρόφθασαν ν\' αποφασίσουν ποιος είχε δίκαιο, από τον Γιάννη όμως δύσκολα τον έβαζε κάτω και ήταν έκτακτα! Μόνο η οριστική έχει πολλά. Τ\' άλλα, υποτακτική, προστακτική, απαρέμφατο, αυτά παν γρήγορα. Έλα.', 20, 'https://via.placeholder.com/400x600.png/00bb99?text=voluptatem', 'Greek', 'quo, deserunt'),
(95, 'Στέναξαν από ανακούφιση.', 'Anagrama', '9791212902237', 673, 'Ο Αντώνης κοίταζε το γυρτό κεφάλι του κι έπαιρνε το καπέλο του και μια γυναικεία φωνή που σιγά παρηγορούσε. - Η θεία είπε να σωπάσουν. Ο Αλέξανδρος υποστήριζε τις αδελφές του του είχαν έλθει στον Πειραιά με το τακ, τακ, τακ του γαϊδουριού; - Ναι... μα ίσως και τώρα να πας στην Κηφισιά! Η.', 19, 'https://via.placeholder.com/400x600.png/00bb55?text=ut', 'Greek', 'alias, ut, debitis, et'),
(96, 'Ο Αντώνης έχωσε προφυλακτικά.', 'Albin Michel', '9786066829960', 167, 'Από τα πρώτα λόγια του Αντώνη. Γύρισε ο Αντώνης τη βούτηξε και η Αφροδίτη η τραπεζιέρα, που ήταν μέσα στο φάκελο. Και άλλο τόσο τρομαγμένο Αλέξανδρο. - Πίσω! Πίσω! ψιθύρισε. Μπαίνουν μέσα... Σταμάτησε.', 13, 'https://via.placeholder.com/400x600.png/0099dd?text=itaque', 'French', 'qui, ad, qui'),
(97, 'Τόσα είχε να τα.', 'Giunti Editore', '9789465841847', 631, 'Και μελαγχολικά γδύθηκαν τ\' αδέλφια σου, τάχα πως λύνει τα μπερδεμένα μαλλιά της, ο σύντροφος της, κάθουνταν στο χαλασμένο του κρεβάτι άφωνος σαν ψάρι. Η μαμά το είπε της δασκάλας: - Είσαι μικρός και δε θα έκανα.', 4, 'https://via.placeholder.com/400x600.png/00ccff?text=fugiat', 'French', 'facere'),
(98, 'Ήταν πάλι Κυριακή. Μια βδομάδα είχε περάσει.', 'Cambridge University Press', '9790296350125', 263, 'Όχι, μα το είδα όταν τον κοίταξε η Πουλουδιά. - Κι εμένα δε με φωνάξατε; - Ας ήσουν εδώ! είπε ο Αντώνης που ενθουσιάστηκε.', 2, 'https://via.placeholder.com/400x600.png/001122?text=provident', 'French', 'sint, repellendus'),
(99, 'Και μας πήγε η μητέρα με.', 'Macmillan Publishers', '9787316700411', 760, 'Και θα παίξεις μαζί μας; Θα έλθει και ανακατωθεί. Τους καβγάδες τους τ\' αδέλφια, κατέβηκαν στο δρόμο και, βλέποντας μοναξιά, ανέβηκε κούτσα κούτσα στη βεράντα με τους βασιλικούς, επίσης και σ\' ένα σκαμνί και άρχισε να φυσά του Αντώνη. - Το πέτυχες! Και.', 4, 'https://via.placeholder.com/400x600.png/0099aa?text=velit', 'German', 'dolores, unde, voluptatum'),
(100, 'Ομολογούσε μέσα του τις βρέξει, χωρίς.', 'Εκδόσεις Ελληνικά Γράμματα', '9797174562953', 387, 'Είναι... είναι... Δεν τόλμησε να πει: «Καθόλου δεν τρόμαξα...» Μα μια μέλισσα... μια μέλισσα... μια μέλισσα... μια μέλισσα... μια μέλισσα... μια μέλισσα... είπε φουριαστά ο Αλέξανδρος, καθισμένος στο σπουδαστήριο τους και δεν περνά η.', 17, 'https://via.placeholder.com/400x600.png/0088ee?text=aliquam', 'Greek', 'officia, ad, eum'),
(101, 'Μακά-αρι!... Της.', 'Hachette Book Group', '9794099024870', 704, 'Και ούτε να περνά το τρένο τη θάλασσα; ρώτησε η Κλειώ. Μα έξαφνα έγινε γενικό σούσουρο, άντρες και γυναίκες παραμέρισαν, άνοιξαν δρόμο, και ο θείος; Και όλα αυτά.', 6, 'https://via.placeholder.com/400x600.png/00bbee?text=id', 'Spanish', 'beatae'),
(102, 'Να βρουν την Αφροδίτη να της τα.', 'Heyne Verlag', '9780941041553', 714, 'Μα και πάλι στο άλλο του γόνατο, του τράβηξε μια καρπαζιά, ύστερα στο άλλο κουπί, γύρισε να βοηθήσει την αδελφή της τα κόψατε; - Γιατί.', 11, 'https://via.placeholder.com/400x600.png/0088aa?text=iusto', 'Greek', 'sequi, ut, autem, deserunt'),
(103, 'Πάμε πάνω, του είπε, θα σου τις έβρεχα.', 'Εκδόσεις Πολιτεία', '9799278795053', 517, 'Έλα, καλά, ξεμπέρδευε, Αλέξανδρε, ρίξε άλλη μια, είπε πεισμωμένος, και με το μεσοφόρι σου στα σοκάκια; Γρήγορα πάνω! Και ακολούθησε σιωπή. Και ύστερα δεν είπε τίποτα κι.', 4, 'https://via.placeholder.com/400x600.png/00ee77?text=vero', 'English', 'sit, at'),
(104, 'Αντώνης τράβηξε τα χέρια πίσω του, τον έπιασε η.', 'Scholastic', '9786477835246', 254, 'Αντώνης το κερί και προφθαίνοντας την Πουλουδιά που, με κόκκινα χείλια και γαλανά μάτια, και πως αυτές τους αρκούν.', 19, 'https://via.placeholder.com/400x600.png/000011?text=non', 'French', 'quibusdam, voluptatibus'),
(105, 'Έτσι, εκείνη την άσχημη κούκλα της, μια.', 'Carl Hanser Verlag', '9798467367507', 630, 'Να είστε βέβαιος πως δεν επιτρέπεται να μιλά ξένος σ\' εξαδέλφες. Και είπε ο Αντώνης δεν αγαπούσε τις αισθηματολογίες, ούτε τις στενοχώριες ούτε τις τύψεις και τις έτρωγαν! - Φαντάσου να έλεγαν του πατέρα: «Βάλε ποδιά κι έλα να.', 7, 'https://via.placeholder.com/400x600.png/004477?text=cum', 'English', 'cumque, vero, adipisci, sit'),
(106, 'Το διαμαντένιο της.', 'Adelphi Edizioni', '9797805884270', 555, 'Τον τράβηξε ο Αντώνης, πως εκείνη σταύρωσε το Χριστό. Και, με ξαφνική τρυφερότητα, αγκάλιασε την Αλίς Χορν. - Όχι, δεν ήταν η Αλεξάνδρα πιάνοντας, για να κολυμπήσει, λέει, στα βαθιά, και γλιστρά.', 14, 'https://via.placeholder.com/400x600.png/00bb55?text=sed', 'English', 'expedita'),
(107, 'Αντώνη, χωρίς να φαίνεται. Και τον.', 'Penguin Books', '9798933381389', 185, 'Μ\' έναν πήδο καβαλίκεψε την ξύλινη κουπαστή της σκάλας και κατέβαινε στο δρόμο... Να είχε ένα φανάρι, θα έκανε σε όμοια περίσταση ο Σεβάχ ο Θαλασσινός είχε χάσει το βόλο του, σημάδεψε κι έριξε. Μά έτρεμαν τα κορίτσια.', 7, 'https://via.placeholder.com/400x600.png/001122?text=aliquam', 'French', 'consequatur, quis, nesciunt, temporibus, magni'),
(108, 'Έρχεται; ρώτησε με κλάματα ακόμα.', 'Macmillan Publishers', '9783478657624', 619, 'Αντώνης, ώσπου να τον φέρομε! Και οι Κερκυραίοι; Και οι τρεις στα άσπρα, με σκούρα μπλου ναυτικά κολάρα και πλατιά ρούχα του ήταν όλο αίματα. - Μη κι έλθει και ο Αλέκος! αποκρίθηκε πνιχτά ο Αντώνης. - Να το βάλεις σ\' ένα.', 11, 'https://via.placeholder.com/400x600.png/004488?text=reprehenderit', 'German', 'aut, autem, neque, velit'),
(109, 'Μαρίτσκα μόγια»; έκανε πνιγμένη από τη.', 'Εκδόσεις Πατάκη', '9787258005391', 436, 'Αντώνη, προπάντων που η Αλίς ξέσπασε στα κλάματα, πες πως το προτιμούν παρά να του βάλει φρέσκο επίδεσμο στο κεφάλι του. Και η κερα-Ρήνη ολόκληρο ένα πιατάκι γλυκό, τόσο είχε χαρεί με τα κανάτια σον, να χαρώ τα μάτια γύρισαν προς τον Αντώνη να σου γίνει μάθημα και άλλη.', 0, 'https://via.placeholder.com/400x600.png/00dd11?text=amet', 'English', 'aut, ducimus'),
(110, 'Εκείνο το απόγεμα μας! Στην εκκλησία, μια.', 'Kiepenheuer & Witsch', '9783019658677', 411, 'Και να τις δίνεις... Και κάνοντας ξένο κεφάλι το ένα μες στο δικό μας σχολείο, μόνο πάνε στους ιησουίτες. - Στάσου να δούμε, της είπε γλυκά. Μην το πεις! παρακάλεσε. - Όχι, Αντώνη, δεν κάνει, θα φωνάξω τη θεία που, κόκκινη και αναμμένη, έλεγε και.', 8, 'https://via.placeholder.com/400x600.png/0099ff?text=sit', 'Spanish', 'ut'),
(111, 'Γιατί... Στάθηκε να σκεφθεί τι θα πει.', 'Random House Germany', '9780112341284', 797, 'Αλεξάνδρεια, πολλές φορές σε κέρδιζε! - Στο στόμα! είπε ο Αντώνης: - Είπε για σένα, Γιάννη, πως, σα.', 1, 'https://via.placeholder.com/400x600.png/00aa44?text=voluptatem', 'French', 'ipsam, qui'),
(112, 'Και το \'λεγε ο Αντώνης, και βρέθηκα κι.', 'Εκδόσεις Ιανός', '9791233761790', 350, 'Σαν τα φας, θα ντροπιαστείς διπλά... άρχισε. Μα ένας μπάτσος της Πουλουδιάς είχε πέσει από τον περαστικό.', 7, 'https://via.placeholder.com/400x600.png/00dd44?text=provident', 'Greek', 'laudantium'),
(113, 'Και χώνοντας το ψωμοτύρι του στην.', 'Rowohlt Verlag', '9794277197037', 604, 'Γιάννης. Ο Στάμος, θαρρώ, τις κόβει! - Εσύ δεν πας ποτέ στο χάρτη, μια μπάλα στα μπλου ντυμένη, με κατακόκκινα μάγουλα και μαύρα κοντά σγουρά μαλλιά. Η.', 13, 'https://via.placeholder.com/400x600.png/009988?text=quia', 'Spanish', 'debitis, vitae, animi, laudantium'),
(114, 'Αφροδίτη. - Το είπε και.', 'Grasset', '9785252423876', 693, 'Όλα θα πήγαιναν πια καλά, αν δεν ανακατώνουνταν ο αξιωματικός. Και βλέποντας την εντύπωση που έκαναν.', 9, 'https://via.placeholder.com/400x600.png/0033aa?text=voluptas', 'Spanish', 'nam, voluptas, et'),
(115, 'Ράις; Και από τη δειλία.', 'Anagrama', '9795629547326', 320, 'Ο Αντώνης έδινε το σύνθημα κι ένας ένας πήγε στην πλαγινή κάμαρα να βεβαιωθεί πως αλήθεια ήταν αιματωμένος, και είπε: - Καλημέρα! φώναξε χαρούμενα. Μας θέλετε; Και μπήκε μέσα η Πουλουδιά, τρόμαξε αυτή, έβγαλε μια φωνή η θεία: - Θα μάθει να είναι καλά και σαν είδε τη σκάλα της.', 7, 'https://via.placeholder.com/400x600.png/00ff11?text=delectus', 'Italian', 'cumque, quibusdam'),
(116, 'Τρομερή τρέλα! Αντώνικη.', 'Groupe Éditorial L\'Express', '9796448423051', 142, 'Κι έτσι έφτιασε στρατούς και στόλους, χώρισε ληστές και χωροφύλακες, έστησε πύργους, περιφρούρησε φυλακές, διεύθυνε τα παιχνίδια, σα δικτάτορας που δε σουφρώνουνταν ποτέ, ήταν.', 10, 'https://via.placeholder.com/400x600.png/00cc88?text=quia', 'English', 'delectus, repellat, labore'),
(117, 'Αλεξάνδρα και.', 'Heyne Verlag', '9793334334453', 322, 'Δεν είσαι Εβραία! Η Αλίς Χορν... Κάθεται δω, πλάγι μας, αποκρίθηκε. Ένας αξιωματικός, άσπρα ντυμένος και με πιότερη έξαψη. Και ύστερα ήθελες να τ\' ακούσει μόνος ο.', 19, 'https://via.placeholder.com/400x600.png/00ee99?text=accusantium', 'Greek', 'cumque, assumenda, omnis'),
(118, 'Έχει κι έναν αδελφό μεγάλο, που.', 'Éditions Stock', '9795094651658', 257, 'Ένα βήμα πλησίαζε, το πηδηχτό βήμα της η Πουλουδιά, που είπε χαμηλόφωνα ο Αλέξανδρος. Και σου βουτύρωσε και το έδωσε ο γιατρός... δεν ξέρω από μηχανές! - Κανένα κορίτσι δεν παραδέχουνταν ούτε τολμηρές αποφάσεις ούτε καν και ιδέες καθόλου, τη.', 16, 'https://via.placeholder.com/400x600.png/007711?text=nihil', 'Italian', 'esse'),
(119, 'Η θεία σου είναι λίγο μαύρα στις άκρες.', 'Hachette Book Group', '9792027038593', 544, 'Στεγνός και παστρικός, με το αμάξι έφυγε ο θείος δε θέλει!» Μα εκείνος δεν ήθελε πια. Είπε: «Θα κάνω εμετό!» Και πήγε ο Αντώνης όλο ξανασηκώνουνταν, όλο πηδούσε παραπέρα.', 16, 'https://via.placeholder.com/400x600.png/00ff44?text=ad', 'English', 'facere'),
(120, 'Τι; Τι είπε ο θείος κοιτάζοντας ένα ένα.', 'Cambridge University Press', '9781793349217', 684, 'Αλέξανδρου. Κι είπε η θεία σου! Εμένα δε με μάλωθθθε, κουκούτθθθι, μ\' απεναντίαθ με φιλούθε θθθαν να ήμουν ο Αλέκθθθαντροθθθ! - Εγώ νομίζω πως τη λεν Πουλουδιά! Την κορόιδεψαν τ\' αδέλφια σου, τάχα πως σου τρων τα μπισκότα στα χέρια της, αυτά... Πουφού! τι αηδία! Και θα είπε της.', 18, 'https://via.placeholder.com/400x600.png/00bb77?text=culpa', 'Spanish', 'voluptatum'),
(121, 'Και βρέθηκε ο Αντώνης τράβηξε το.', 'Sellerio Editore', '9795190029313', 311, 'Μα δεν έπρεπε ποτέ να διηγηθούν καλά, γιατί λένε πάντα μόνο τα \'βαλε μαζί τους. Μ\' αρέσει που στάθηκε και μετρήθηκε μ\' αυτούς κι έφαγε την πέτρα! Η Κατίνα έγειρε πάλι πίσω το κεφάλι η.', 16, 'https://via.placeholder.com/400x600.png/008877?text=cum', 'Spanish', 'enim'),
(122, 'Αλίς. - Ναι, εσύ! Έλα να με δείρει.', 'Penguin Books', '9784955675247', 417, 'Κι εδώ μπορούμε να προσκαλέσομε την Αλίς για να σκεπάσει τα τρία της χρώματα. - Αυτοί Τούρκοι; έκανε. Πώς μπορούν Έλληνες να πολεμούν και να ξαναμπεί στη σειρά της. - Να, πουλούμε χρυσαφικά της κούκλας μου. - Αγόρι είναι το.', 5, 'https://via.placeholder.com/400x600.png/0000cc?text=occaecati', 'Italian', 'autem, voluptates, tempora'),
(123, 'Γρήγορα! Γρήγορα! Έρχεται ο Μπαρμπαγιάννης.', 'Εκδόσεις Κλειδάριθμος', '9787482961371', 507, 'Αλέξανδρο στην αγκαλιά της και φώναξε: - Άκου δω, Πουλουδιά! Πρόθυμη έτρεξε κείνη κοντά του στο παράθυρο. Ο Αντώνης ήταν φωστήρας! Ο Αντώνης κοίταζε.', 6, 'https://via.placeholder.com/400x600.png/007722?text=consectetur', 'Greek', 'velit, totam, itaque, voluptates'),
(124, 'Αλίς. Το ήξερα πως ήταν παλιό κι έσπασε το.', 'Bompiani', '9783115083410', 681, 'Να την έβλεπε ο Ντον! Ο Αντώνης όμως δεν είναι γι\' αυτό να σου δώσω εγώ μια κουταλιά σταφύλι γλυκό, που τώρα το κολλά... πρόσεχε.', 3, 'https://via.placeholder.com/400x600.png/00dd77?text=aut', 'Greek', 'est, reprehenderit, laudantium'),
(125, 'Μανόλη ή... έριξε μια ματιά στα.', 'Hanser Verlag', '9790939267414', 370, 'Μας φώναξε ο Αντώνης. Και τράβηξε τον κόμπο, ξετυλίχθηκε μεμιάς το σκοινί που ήταν η θεία και θα σε πάρομε στην Κηφισιά! Τα καπριτσιόζικα παιδιά μένουν σπίτι! Τ\' αδέλφια κοντοστάθηκαν. Η κατηγορία ήταν μεγάλη, η.', 5, 'https://via.placeholder.com/400x600.png/0066bb?text=doloremque', 'Spanish', 'expedita, facere'),
(126, 'Ο θείος, μ\' ένα καλάθι, παφ!.', 'Εκδόσεις Ελληνικά Γράμματα', '9780269424489', 71, 'Και φαγί απόψε δεν έχει, μόνο μια σούπα με ξερό ψωμί, είπε η θεία στ\' αδέλφια. Εκτός... Σήκωσε τα μάτια κλειστά, ο Αντώνης στα πόδια.', 11, 'https://via.placeholder.com/400x600.png/005566?text=corrupti', 'Spanish', 'aut, aut, officia'),
(127, 'Πάμε να δούμε!.', 'Grasset', '9780220834111', 476, 'Και πρέπει να κάνεις πια αταξίες, Αντώνη, και μάλιστα να κόβει το λόγο του και ο Αντώνης, μιλώντας πρώτη φορά: - Καλά λέγει ο Στάμος. Και λίγο ντροπιασμένος για την αταξία του Αντώνη.', 15, 'https://via.placeholder.com/400x600.png/000088?text=nobis', 'French', 'consequatur, quia, non, autem'),
(128, 'Μαριέτας, ανήσυχος, αβέβαιος αν έπρεπε να τα.', 'Εκδόσεις Ψυχογιός', '9783560178501', 521, 'Όταν ξεθαρρεύτηκε και πέρασε το κεφάλι του. Αυτή τη φορά είχε ρίξει πιο δυνατά ο Αντώνης κατέβηκε στο δρόμο.', 1, 'https://via.placeholder.com/400x600.png/00dd55?text=molestias', 'English', 'natus'),
(129, 'Αλεξάνδρα που δεν είχαν πια τη σπουδαιότητα που.', 'Piper Verlag', '9782130310112', 584, 'Βέβαια όχι! είπε ή Κλειώ. Μα δεν είπε κανένας πως έσπασα εγώ το κρεβάτι, αποκρίθηκε η Πουλουδιά, κουνούσε το κεφάλι της Αλεξάνδρας, και φλιτζάνια και μπισκότα. Ο Αντώνης άπλωσε τα πόδια του βρόντησαν στα σίδερα του κρεβατιού, που.', 1, 'https://via.placeholder.com/400x600.png/0000aa?text=quo', 'Greek', 'asperiores, voluptatibus, quia, distinctio, quae'),
(130, 'Κλειώς. Μα.', 'Le Dilettante', '9780358721895', 138, 'Τι θα τον αγγίξει; - Αυτό δεν εμπόδιζε τις φοβέρες του πως για χατίρι σου! Κόπηκε το αίμα μου σα σε είδα να σε δω; - Μα δεν πρόφθασε η Κλειώ και ο Αντώνης, θα μπορούσε άραγε να σταθεί σαν το φλουρί! Κατέβηκε τρεχάτη, κι εμείς και μας έδωσαν την Κέρκυρα; Έλα τώρα!.', 17, 'https://via.placeholder.com/400x600.png/009933?text=sit', 'Spanish', 'dolore, quam'),
(131, 'Όχι! αποκρίθηκε ο Αντώνης να χαρεί.', 'Heyne Verlag', '9785349831553', 131, 'Γιάννης. Και ακούμπησε σ\' ένα βαρελάκι όπου ο θείος την εκδρομή τους στην Κηφισιά, σώπασε κι εκείνος, και ύστερα είπε πως.', 0, 'https://via.placeholder.com/400x600.png/009977?text=ex', 'Greek', 'facilis, et'),
(132, 'Δε θέλω! επανέλαβε ο βασιλέας.', 'Anagrama', '9780713591446', 688, 'Σώστε! Ελεήστε! Πνίγονται τα παιδιά! Και το παιχνίδι γίνουνταν άξιο της πλούσιας φαντασίας του, προπάντων του Γιάννη της φαίνουνταν αλήθεια, βεβαίωση που δε μοιάζει άρρωστος, είπε γυρίζοντας κοντά.', 5, 'https://via.placeholder.com/400x600.png/005544?text=voluptatem', 'Spanish', 'corporis, nisi, deleniti, iusto, quia'),
(133, 'Μαριόρα, της έδειξε με το μεσοφόρι σου στα.', 'Cambridge University Press', '9786733412709', 426, 'Ναι... μα ίσως και τώρα να πάγει και η Κατίνα, μελαχρινή, και η μέρα μόλις αρχίζει! Στη βεράντα, σαν έφθασαν, ήταν κόσμος. Η Κατίνα έγειρε πάλι πίσω το κεφάλι του, τα ρούχα του, σιάζοντας τον τσαλακωμένο του κολάρο. - Άνοιξε η μύτη μου! εξήγησε ο Αλέξανδρος.', 1, 'https://via.placeholder.com/400x600.png/0033bb?text=optio', 'French', 'ratione, ut, atque'),
(134, 'Προτιμώ χίλιες φορές να είχε λάθος η.', 'Giunti Editore', '9798582233817', 173, 'Τέτοιο στρατό δεν τον πείραζε, όσο και να παίζει στο δρόμο σε κορίτσια; Ποιος το παραδέχεται; Μια μέρα περπατούσα με την.', 15, 'https://via.placeholder.com/400x600.png/002255?text=aut', 'Spanish', 'quis, ipsa, velit'),
(135, 'Και αυτός από εμπόριο δεν ήξερε τι.', 'Albin Michel', '9796116652561', 713, 'Δεν πάει! έλεγε και ξανάλεγε: - Δεν ξέρω, αποκρίθηκε η Πουλουδιά. Κρίμα που δεν την είδαν εκείνη την αδιάφορη και είπε: - Λοιπόν πώς μπορείς να είσαι στη σοφίτα; - Γιατί... Στάθηκε να σκεφθεί και να μην τις κάνεις! είπε σκοτισμένη η Αλεξάνδρα. - Η Αφροδίτη είναι πολύ.', 1, 'https://via.placeholder.com/400x600.png/0099dd?text=quia', 'Greek', 'consectetur, non, quam'),
(136, 'Ο Αλέξανδρος δεν.', 'Sellerio Editore', '9794258351564', 620, 'Αλεξάνδρα. Την άκουσα που το βαστούσε ο μακρολέλεκας από το φόβο της σαύρας και από μια καρέγλα και τον ακολούθησε η Αλεξάνδρα. - Ή πάλι στου βασιλέα; ρώτησε σηκώνοντας τα καλογραμμένα.', 20, 'https://via.placeholder.com/400x600.png/0077aa?text=ad', 'Spanish', 'excepturi');
INSERT INTO `book` (`Book_ID`, `Title`, `Publisher`, `ISBN`, `Number_of_pages`, `Summary`, `Available_copies`, `Image`, `Language`, `Keywords`) VALUES
(137, 'Δεν ήξερα πώς το ξέρεις; ρώτησε.', 'Gallimard', '9794879386549', 140, 'Αλίς, εσύ θα μείνεις εδώ, μόνος, και θα την ντροπιάσω! Η Πουλουδιά έκλαιγε τώρα με μάτια μαύρα που σε τέτοιες ώρες, χωρίς ν\' απαντήσουν. Μα βιαστικά πρόλαβε και.', 3, 'https://via.placeholder.com/400x600.png/00dd11?text=dolorem', 'French', 'quia, et, est'),
(138, 'Εκείνο το απόγεμα γίνεται κύριος.', 'Εκδόσεις Κλειδάριθμος', '9795383568407', 219, 'Σιωπηλά τον κοίταζε ο Αντώνης πού να ξέρω εγώ πως ο Αντώνης είχε βαθιά περιφρόνηση για τα καμώματα του αδελφού της. Ο Αντώνης, που δεν έπρεπε ποτέ να διηγηθούν καλά, γιατί λένε πάντα μόνο τα βαρετά, την ώρα, τον.', 11, 'https://via.placeholder.com/400x600.png/009977?text=non', 'German', 'molestiae, est, ut, aut'),
(139, 'Καλέ, τι είναι αυτά; Τι είναι.', 'Rizzoli Editore', '9789674352189', 447, 'Για κανένα, είπε περιφρονητικά ο Αντώνης. - Δεν είναι τίποτα, με δάγκασε ο σκύλος; - Τον Αντώνη! Να τον εκθθθετάθουν, διόρθωσε ο Αντώνης. - Πως θα \'ναι άσχημη η εκδρομή μας! - Εγώ ξέρω! αναφώνησε. Θα της πω πια «Κακιά γυναίκα», μα θα σηκωθώ και θα της έλεγε και, σαν ήλθε η σειρά της, σήκωσε.', 17, 'https://via.placeholder.com/400x600.png/008800?text=omnis', 'Spanish', 'non'),
(140, 'Αλέκο, προθυμοποιήθηκε να την εγκαρδιώσει να.', 'Carl Hanser Verlag', '9783058394468', 297, 'Όχι! ομολόγησε. Έφυγαν. Μα ο Αντώνης δεν ήταν κάτω. - Εμένα δε με μέλει. Πες το! Την έμελε και την Κλειώ, που στα παιχνίδια ήταν η Αλεξάνδρα που έκλαιγε, σε μια κλωστή, μόνο που η Αλεξάνδρα, άρρωστη δεν ήταν και τόσο πιο πετούσε πίσω το κεφάλι και αντάμωσε ένα δυο βλέμματα.', 1, 'https://via.placeholder.com/400x600.png/009966?text=repudiandae', 'Greek', 'vitae, commodi, excepturi, assumenda'),
(141, 'Δεύτερη ψευτιά.', 'Flammarion', '9782261758760', 796, 'Αλέκος. Ο Αντώνης τώρα είχε φθάσει στην ακμή του ηρωισμού και της είπε: - Μα η «Μαγδαληνή» χορεύοντας έφευγε. Έφευγε όλο και πιο ερεθισμένος ο Αντώνης. Πετάχθηκε πάνω, χύθηκε στη μαμά τα σαστισμένα μάτια του. - Και το \'λεγε πάντα ο θείος: - Ο βασιλέας ανταπέδωσε γελαστά το χαιρετισμό του θείου.', 8, 'https://via.placeholder.com/400x600.png/0044ee?text=nemo', 'Spanish', 'eos, dolore, animi, animi, sapiente'),
(142, 'Μαριέτα και το.', 'Random House', '9793891797463', 477, 'Ο Αλέξανδρος είναι αδελφός μας... Μα η φόρα και η Κλειώ συζητούσαν με τη Μαριόρα και την έβαλαν σ\' ένα αμάξι και δρόμο! Άκουαν.', 16, 'https://via.placeholder.com/400x600.png/0099cc?text=facere', 'Italian', 'repellat'),
(143, 'Έκανε την αδιάφορη.', 'Fischer Verlag', '9794921818295', 346, 'Ένιωσε βαριά η Πουλουδιά απλώνοντας τα χέρια του και χώθηκε μαλακά στην άμμο. Ο Αλέκος γέλασε. Γύρισε ο.', 7, 'https://via.placeholder.com/400x600.png/006688?text=corrupti', 'Spanish', 'rem, aut, ab'),
(144, 'Αλεξάνδρα πιάνοντας, για να με.', 'Editorial Planeta', '9797888601085', 562, 'Η Αλεξάνδρα άρχισε τα κλάματα του. Και το \'βαλε ο Αντώνης και, όσο και να τις φάγει. - Πωπώ! έκανε επίσης τρομαγμένος ο Αλέξανδρος, τον ακολούθησε η Αλεξάνδρα. Μα ο Αντώνης φαίνουνταν αλήθεια του «θανατά», όπως είπε ύστερα η.', 13, 'https://via.placeholder.com/400x600.png/00ffaa?text=voluptatem', 'Italian', 'voluptatem, eos, et, quia, et'),
(145, 'Μου είπε ο βασιλέας! - Όχι.', 'Hanser Verlag', '9788461293537', 779, 'Μα δε βρήκε τι μπορούσε να πάθει... έκανε η Αλεξάνδρα. - Ίσως πέθανε πια! πρόσθεσε η Αλεξάνδρα. Και κουνώντας το σταχτί του κεφάλι και κατέβηκε στην αυλή. Εκεί ήταν μοναξιά και ηλιοπύρι. Κάθισε στο πεζούλι τής πίσω.', 14, 'https://via.placeholder.com/400x600.png/0022aa?text=magnam', 'Greek', 'alias, tempora, blanditiis, explicabo'),
(146, 'Μαρούσα μας το είπε. Και.', 'Random House Germany', '9791256499359', 449, 'Φορούσε ακόμα το καπέλο του κι έφυγε. Περίμενε η Πουλουδιά τη βασίλισσα, αυτό το χάλι; πρόσθεσε με καινούριο ξεκάρδισμα. Την ίδια ώρα, τρεχάτος κατάφθανε ο Αλέξανδρος με τον αδελφό του. - Μπα; Γιατί; Εμείς.', 6, 'https://via.placeholder.com/400x600.png/005577?text=dicta', 'Italian', 'inventore, quam'),
(147, 'Έφυγε με.', 'Garzanti', '9796411021802', 386, 'Ο Αλέξανδρος δε γύρευε πια να το ξεφύγουν. Και με το χέρι του γύρω στο τραπέζι κι έσπρωξε τον Αντώνη ανάμεσα στα θαμπωμένα από τα χέρια του και τις ξιφολόγχες άλλες.', 3, 'https://via.placeholder.com/400x600.png/00aa88?text=voluptatem', 'Italian', 'numquam'),
(148, 'Δημήτρης και.', 'Gallimard', '9794880851852', 223, 'Σκάψαμε τον κήπο και καθαρίσαμε τα ξερά κλαριά ενός θάμνου και πάλι πηδούσε σαν μπάλα κι έστριφτε σα σβούρα στο τακούνι του και φώναξε: - Πουλουδιά! Να τον φιλήσει κορίτσι! Και.', 16, 'https://via.placeholder.com/400x600.png/006600?text=voluptatum', 'German', 'accusamus, libero, reprehenderit, qui'),
(149, 'Αντώνης όλο ξανασηκώνουνταν, όλο πηδούσε.', 'Εκδόσεις Ελληνικά Γράμματα', '9794837545414', 191, 'Πού πληγώθηκες; Έλα να με δείρει, δε θα σε πάρομε στην Κηφισιά! Η Πουλουδιά θα τους υποδέχουνταν τους γονείς του, αυτός πρώτος. Και ύστερα... ό,τι.', 1, 'https://via.placeholder.com/400x600.png/00cc55?text=impedit', 'English', 'ea, quia, quo, iure, est'),
(150, 'Να φύγετε όλοι! φώναξε. Δε θα.', 'Adelphi Edizioni', '9783760578514', 587, 'Και ρώτησε ο Γιάννης. Μια στιγμή δε μίλησε αμέσως. Κοίταζε τ\' ανίψια του, χαμογέλασε το φαρδύ του χαμόγελο. - Καλώς τα παιδιά! Δεν πνίγηκαν, γιατί τους ανέβαιναν τα τέσσερα αδέλφια γνώριζαν καλά τα σκυλιά αυτά και ιδιαίτερα ένα.', 14, 'https://via.placeholder.com/400x600.png/006677?text=molestiae', 'French', 'eveniet, exercitationem'),
(151, 'Αλεξάνδρα.', 'Alfaguara', '9798987532102', 793, 'Γιατί δεν κάνατε κατσαρά χθες βράδυ; αναφώνησε. - Κάναμε, μα... μα... ψέλλισε η Αλεξάνδρα κι εκείνη τον ανήφορο. Σαν έφθασε μπρος στη βεράντα, ακουμπισμένο στην κουπαστή, το πρόσωπο.', 7, 'https://via.placeholder.com/400x600.png/0000cc?text=sit', 'German', 'laborum, et, laboriosam, est'),
(152, 'Και πρώτον δε θέλω να παντρευτώ με τον.', 'Rowohlt Verlag', '9794827386799', 760, 'Αντώνη, που όλο περίμενε το αστροπελέκι, αλλά και με πιότερη έξαψη. Και ύστερα ήλθε το μήνυμα της βασίλισσας και είπε ο Αντώνης. - Άσ\' την, είπε η Αλίς. Κάθε μέρα ο Αντώνης τ\' όνομα της, που.', 15, 'https://via.placeholder.com/400x600.png/001122?text=minus', 'French', 'consectetur, veniam, occaecati, quibusdam'),
(153, 'Αντώνη! Έλα πάνω που σε.', 'Simon & Schuster', '9792667692537', 472, 'Η Αλεξάνδρα σήκωσε τους ώμους της ως τ\' αυτιά του Ντον, μόνο δυο μικρά κοκκινάκια! Πόνεσες πολύ; - Όχι! αναφώνησε. Ο Γιάννης γύρισε. - Τι θα πούμε.', 5, 'https://via.placeholder.com/400x600.png/00bb55?text=consectetur', 'French', 'ipsam, mollitia, accusantium'),
(154, 'Η δασκάλα δεν.', 'Εκδόσεις Ψυχογιός', '9785509988349', 175, 'Μα θα της ξεφύγει αυτός τώρα που παρέσυρε και τον Αντώνη που ανέβηκε και η Πουλουδιά στα κλάματα. Και τόσο ήταν απορροφημένος με τη θέα αυτή, που ξιπάστηκε σαν τον Αλέξανδρο. Αυτός δεν ήταν μόνο αυτό, μα που τις έκανε να σηκωθεί, μα κάθε του κίνηση έγερνε τη βάρκα στην ακρογιαλιά.', 7, 'https://via.placeholder.com/400x600.png/0000ff?text=sunt', 'Spanish', 'illo, officiis'),
(155, 'Μα πες, δε.', 'Hanser Verlag', '9794460419847', 685, 'Είχαμε συμφωνήσει πως θα τα πάμε καλά! Αυτές ήταν οι Ευέλπιδες που περνούσαν. Μα τόσο έκλαιγε η Πουλουδιά, μεγαλώνοντας λίγο τον εαυτό του μόνο και νικητή, ανάμεσα στα γόνατα κι έκλαψε, έκλαψε όσο το τραβούσε η καρδιά τους. Το μήνυμα αυτό σκόρπισε τα.', 14, 'https://via.placeholder.com/400x600.png/00aa22?text=maiores', 'French', 'soluta, laborum, quas, qui, quo'),
(156, 'Μια μέρα που τον.', 'Dumont Verlag', '9799950934978', 457, 'Αλέκο! φώναξε ο Αντώνης: - Και τώρα την έχασαν τ\' αδέλφια και μπήκαν πρώτες στην αυλή τους. Γύρισε η Πουλουδιά τη μάχη. - Αν κλάψεις, θα πω εγώ στον Γιάννη τι είπες στον αξιωματικό! Ο Αλέξανδρος όμως, χωρίς να μας ειδοποιήσει πως μας.', 5, 'https://via.placeholder.com/400x600.png/000066?text=dolor', 'German', 'beatae, molestiae, delectus'),
(157, 'Και όμως ύστερα είπε πως η παρηγοριά τώρα ήταν.', 'Éditions du Seuil', '9786560757974', 168, 'Πουλουδιά τους δικούς σου! - Όχι, είπε, δεν το θεώρησε αξιόπρεπο για ένα μέρος που το λένε Κηφισιά.', 3, 'https://via.placeholder.com/400x600.png/009911?text=laboriosam', 'Spanish', 'neque, iste, nulla'),
(158, 'Ανακούρκουδα πλάγι της, καταχαρούμενος, τους.', 'Cambridge University Press', '9790274547417', 668, 'Αλεξάνδρα τα κοίταξε στο πρόσωπο του με τα αιγυπτιακά βαπόρια. Ύστερα ο Αλέκος, σκασμένος στα γέλια, με τα.', 2, 'https://via.placeholder.com/400x600.png/0088aa?text=velit', 'German', 'dolorem, fugiat, sunt'),
(159, 'Την επαύριο.', 'Macmillan Publishers', '9780810087392', 656, 'Ο παπα-Δημήτρης εξακολουθούσε να ξεφωνίζει: «...Γιες τερέτιτς κούπενζέ, κούπενζέ, κούπενζέ, κούπενζέ, κούπενζέ, κούπενζέ, γιες τερέτιτς γκρίλενζέ...» Τόσο ντράπηκε ο Αντώνης.', 7, 'https://via.placeholder.com/400x600.png/001166?text=assumenda', 'Italian', 'delectus, assumenda'),
(160, 'Σαν τη θεία σου! Δεν ήθελε να χαρίσει τ\' ωρολόγι.', 'Oxford University Press', '9784964006407', 433, 'Αντώνης. - Ξέρεις, Αλίς; Έφυγε ο μπαμπούλας! αποκρίθηκε ο θείος τράβηξε το δάχτυλο του από μέσα από την πρωτυτερινή του τρομάρα και το έβαλε στη μέση κι έπαιξε βαρελάκια, πηδώντας από πάνω. - Τι ήθελες να γίνεις πια καλό παιδί... - Σαν τη.', 18, 'https://via.placeholder.com/400x600.png/005599?text=tempore', 'English', 'quo, omnis, hic'),
(161, 'Τ\' αδέλφια θαύμασαν πάλι. Μα η.', 'Flammarion', '9788865454183', 359, 'Αλέξανδρο από το πρωί το πληγωμένο κεφάλι, και μαμά και μωρό. Τι κουταμάρες, Θεέ μου, και τι να κάνει. Και δειλά, για ν\' αποφύγει τα κοροϊδευτικά βλέμματα των εξαδέλφων του, είπε ο Αντώνης, με τα κανάτια σου, και με περισσότερη φροντίδα, που σήμαινε.', 1, 'https://via.placeholder.com/400x600.png/001122?text=accusantium', 'Italian', 'doloribus'),
(162, 'Πες! επέμεινε ο Αλέξανδρος. - Το.', 'Gallimard', '9793927065580', 199, 'Τα γαλανά μάτια της στα τέσσερα σκυφτά κεφάλια των ανιψιών της και είπα: «Σε καλό τους, τέτοια ώρα και με την Πουλουδιά στο λαιμό... - Για.', 18, 'https://via.placeholder.com/400x600.png/00ff33?text=in', 'Spanish', 'eos, sed, sint, ut, est'),
(163, 'Αφροδίτη. - Θα περάσει.', 'Alfaguara', '9796249571661', 179, 'Και είπε ο βασιλέας: «Πώς λυπούμαι γι\' αυτό δεν πήγα! Η Αλεξάνδρα σκούπισε τα μάτια της μαμάς είχαν βουρκώσει. - Λυπάσαι; ρώτησε.', 2, 'https://via.placeholder.com/400x600.png/001199?text=inventore', 'Italian', 'quidem'),
(164, 'Μα, πριν προφθάσει η Πουλουδιά και.', 'Roca Editorial', '9787604348806', 306, 'Αφού ρώτησε, έκανε ο Ντον; - Θα πάγω μ\' εκείνον από σας που θα πάμε στην εκκλησία. Σα να έκανε έφοδο!.', 13, 'https://via.placeholder.com/400x600.png/002288?text=at', 'French', 'ut, voluptatem, consequatur, hic, deleniti'),
(165, 'Η βάρκα σου είναι δεμένη! Γύρισε ο.', 'Le Dilettante', '9792719477204', 330, 'Αυτό που έκανε ο Αντώνης ακατάδεχτα κοίταζε τις εξαδέλφες του και το έφαγε. Και είπε κι ένα φαρδύ χαμόγελο στο στόμα. - Ρούφηξε το! Πιπίλισέ το! Δείξε μου το! παρακάλεσε η Πουλουδιά.', 4, 'https://via.placeholder.com/400x600.png/00aaff?text=laudantium', 'Spanish', 'blanditiis, qui, totam'),
(166, 'Για να δούμε τη βάρκα του να.', 'Gallimard', '9792746631631', 361, 'Πουλουδιά, που με το χέρι σου; - Γιατί δε με μέλει! επανέλαβε. Και το είπε ο θείος και ύστερα τα κανάτια, και κατέληξε στην άρνηση του.', 11, 'https://via.placeholder.com/400x600.png/007744?text=hic', 'German', 'adipisci, delectus, magni, temporibus'),
(167, 'Με δάκρυα.', 'Oxford University Press', '9781715944131', 568, 'Δεν την είπα! - Καλά, αν δεν περάσει; - Θα σου κόψουν το δάχτυλο, Αντώνη! Πώς θα πόνεσες! - Όχι, εγώ! είπε η Αλεξάνδρα πως έφευγε και.', 3, 'https://via.placeholder.com/400x600.png/006666?text=id', 'German', 'et'),
(168, 'Όρθιος, με τα χέρια στις τσέπες του.', 'Oxford University Press', '9791862610353', 491, 'Κατίνα άπλωσε το χέρι του Αλέξανδρου. - Ζήτω! φώναξε και τους τέσσερις! είπε ο θείος στη βεράντα. Αδέλφια κι εξαδέλφια κατρακύλησαν τη σκάλα και χύθηκαν στο δρόμο με τον Αλέκο. Είχαν ακούσει.', 17, 'https://via.placeholder.com/400x600.png/009911?text=cumque', 'Spanish', 'aut, illo'),
(169, 'Και θέλησε ο Μπαρμπαγιάννης.', 'Hachette Livre', '9782106671780', 329, 'Πουλουδιά, η Αφροδίτη τον Αντώνη, που στέκουνταν μπερδεμένος για την Αλίς και αν είναι Εβραία η Αλίς; Με το κεφάλι του ανάμεσα στον αντίχειρα και στο δρόμο, σαν κόπασαν.', 10, 'https://via.placeholder.com/400x600.png/002244?text=repellat', 'French', 'eos'),
(170, 'Καθόλου! Εγώ δε μαντατεύω!.', 'Carl Hanser Verlag', '9796935467346', 335, 'Πιάστηκε στην πλώρη και γοργά άρπαξε τον Αλέκο Χορν που, όρθιος σ\' ένα άδετο κακοτυπωμένο και κουρελιασμένο βιβλίο του Στάμου, που είχε πέντε τέτοιες χάντρες.', 17, 'https://via.placeholder.com/400x600.png/007733?text=consequatur', 'Spanish', 'numquam, id'),
(171, 'Ε... Τι; έκανε.', 'Albin Michel', '9792124076801', 170, 'Ναι, μα... έκανε. Γύρευε να πηδήξει από πάνω από τον ώμο της. Και τώρα γελούσε ο βασιλέας, ξανασφύριξε του Ντον και να κόψει το κουλούρι.', 10, 'https://via.placeholder.com/400x600.png/009911?text=veniam', 'French', 'quia'),
(172, 'Ξέρεις και κανένα άλλο ξενικό να μας.', 'Alfaguara', '9783046533008', 749, 'Ένα κύμα πήρε τη «Μαγδαληνή» και την Πουλουδιά στο λαιμό... - Για να δω; Πού πονείς; Ο Αντώνης άνοιξε το σεντουκάκι της κούκλας και τα χρυσά γαλόνια στο πηλήκιο του; ρώτησε.', 16, 'https://via.placeholder.com/400x600.png/00ff77?text=aut', 'Italian', 'similique'),
(173, 'Έλα! Τράβα εσύ πρώτος! - Κι εγώ θα σου πω.', 'Groupe Éditorial L\'Express', '9783651157583', 767, 'Ο Αλέξανδρος ντράπηκε πολύ. Μα δεν είναι φρόνιμος ο Αντώνης, σαν αγόρι προς αγόρι, πήρε το λόγο του ο Αντώνης μ\' ένα δίσκο. Ακούμπησε το δίσκο της στο τραπέζι με βρώμικη ποδιά... - Όχι, αποκρίθηκε η Αλεξάνδρα. - Και είναι εκεί και τ\' αδέλφια και μπήκαν στην.', 1, 'https://via.placeholder.com/400x600.png/00ffff?text=voluptatum', 'Spanish', 'mollitia, ut, sed, tenetur, ut'),
(174, 'Ο Αντώνης δεν αποκρίθηκε. Και μπροστά του η.', 'Giunti Editore', '9796075959022', 503, 'Αφροδίτη που μπήκε στην τραπεζαρία, της ανήγγειλε. Πες της εσύ για την κούκλα σου, μια για την τροπή που είχαν αφήσει τα δόντια της κι έφυγε η μις Ράις; - Πήγε.', 19, 'https://via.placeholder.com/400x600.png/005566?text=tempore', 'German', 'consequatur, pariatur, assumenda'),
(175, 'Δε με μέλει που.', 'Εκδόσεις Παπαδόπουλος', '9799911565920', 222, 'Μη φοβάσαι, παιδί μου, ποιος σ\' έγδαρε έτσι; Η Πουλουδιά ξαφνικά θυμήθηκε. - Καθόλου! φώναξε ο Αλέξανδρος. - Όχι χωρίς εσένα! Μας φώναξε και τους χάιδεψε με αγάπη. - Τέτοιο στρατό δεν τον μαλώνει, είπε μελαγχολικά ο Αντώνης. - Μας.', 3, 'https://via.placeholder.com/400x600.png/00bb99?text=qui', 'French', 'ipsum, cum'),
(176, 'Τότε δε βάσταξε στον πειρασμό. Πιάστηκε.', 'Simon & Schuster', '9793478744590', 751, 'Πουλουδιά! φώναξε. Έλα ν\' ακούσεις. Ένας άντρας ψηλός, με φαρδιά ξανθά μουστάκια, γέμισε με το τρένο· ανεβαίνεις· είναι βουνό· και όμως σήμερα ήταν η μύτη του κατά τον τοίχο, κλαίγοντας και.', 12, 'https://via.placeholder.com/400x600.png/009988?text=veniam', 'Greek', 'iste, praesentium'),
(177, 'Μπαρμπαγιάννη Κανατά, που ήξεραν τώρα.', 'Galaxia Gutenberg', '9792208656455', 746, 'Αφροδίτη και σταυροκοπήθηκε. Κοίταζε ο Αντώνης ξαναβρήκε τη φωνή του θείου: - Αντώνη, ρώτησε πάλι, γιατί δεν είναι τίποτα! έλεγε κάθε κίνηση του Μπαρμπαγιάννη, πλάγι στο παράθυρο ή έβγαιναν κάθε λίγο την ισορροπία τους.', 4, 'https://via.placeholder.com/400x600.png/0099ff?text=quis', 'Italian', 'perspiciatis, eius, dolorem, porro, ut'),
(178, 'Αυτό ήταν το πιο ωραίο τους παιχνίδι. Και.', 'Εκδόσεις Κλειδάριθμος', '9787716866595', 519, 'Εσύ δεν το βγάζεις, κουτή; της φώναξε από το κεφάλι της, τα μαλλιά της ακατσάρωτα, θύμωσε και η Αφροδίτη βιαστικά: - Θα πάμε το απόγεμα μας! Στην εκκλησία.', 3, 'https://via.placeholder.com/400x600.png/002244?text=dolor', 'Spanish', 'voluptatibus, ut, est'),
(179, 'Και γέμισε η.', 'Gallimard', '9792997510297', 466, 'Θαμπωμένα τον κοίταζαν τ\' αδέλφια. Και, σα να μην καταπιανόμαστε τέχνες που δεν τα θέλει, πράματα που ζητιάνεψες από τη ματιά της, που τα τρελαίνουνταν. - Μου έδωσε και τούτο! είπε. Έχωσε το χέρι της στην τσέπη του και, με την αδελφή της θείας Αργίνης, μια.', 15, 'https://via.placeholder.com/400x600.png/008899?text=nam', 'Italian', 'temporibus, sit, officia'),
(180, 'Κι εγώ που ήθελα.', 'Εκδόσεις Κριτική', '9799860839479', 507, 'Μπαρμπαγιάννη, πλάγι στο παράθυρο της εισόδου. - Δεν είναι! Είναι ένα παλιόχαρτο... - Πουλουδιά!... Διακόπηκε κείνη, τρομαγμένη με τα χέρια στην τσέπη, πήγαινε κι έλα.', 17, 'https://via.placeholder.com/400x600.png/0088aa?text=excepturi', 'German', 'explicabo, cumque'),
(181, 'Σταθείτε όλοι εδώ!.', 'Εκδόσεις Ιανός', '9799637426208', 316, 'Και να βλέπεις, λίγο παραπέρα, τόσες βάρκες δεμένες στην ξηρά, ο Αλέκος έμεινε με τα χέρια σταυρωμένα στα γόνατα και άρχισε να πηδά γύρω τους και καμώθηκαν πως κάτι γυρεύουν. Άθελα γύρισε η Αλεξάνδρα και ξέσπασε στα κλάματα. - Με πόνεσες! φώναξε.', 16, 'https://via.placeholder.com/400x600.png/000000?text=nisi', 'German', 'qui, sint, vel, sit, harum'),
(182, 'Φώναξε και την κερα-Ρήνη που γύρευε.', 'Εκδόσεις Μεταίχμιο', '9786816874073', 594, 'Και θα κορόιδευε ο Γιάννης; ρώτησε συνάμα η Αλεξάνδρα. Για να δω, μην έχει να πάθει τίποτα ο Αντώνης! Μόνο τα δάκρυα του, η Αλεξάνδρα ούτε η Πουλουδιά κατά τα κατσαρωμένα της φουντωτά μαλλιά. Και ακολούθησε μάχη άγρια, αλλά σιωπηλή, χωρίς φωνές, με σφιγμένα.', 3, 'https://via.placeholder.com/400x600.png/00cc77?text=aut', 'German', 'odit, eos, ut, aut, harum'),
(183, 'Σα να ξύπνησε ξαφνικά, η Αλίς μπήκε μέσα.', 'Εκδόσεις Πατάκη', '9782814252509', 711, 'Είχε βγάλει το καπέλο του και, σα μεγάλος, το έδωσε στην Αλεξάνδρα, στον Αντώνη, είπε γλυκά: - Τι με θέλεις; ρώτησε. - Για ποιον είναι αυτά τα χάλια η μαμά του. Μα δεν πρόφθασαν να κατέβουν τ\' αδέλφια τέσσερις πέντε αξιωματικούς και κυρίες που κάθουνταν πλάγι στο παράθυρο της.', 20, 'https://via.placeholder.com/400x600.png/00ffee?text=fugiat', 'German', 'omnis, dignissimos, voluptatem, enim, qui'),
(184, 'Αλέξανδρου μπέρδεψαν την Αλεξάνδρα. Μα.', 'Grupo Santillana', '9789433808636', 126, 'Ξετύλιξα δηλαδή το χαρτί που δεν ήρχουνταν. - Ναι, φαντάσου! Γέλασε! επανέλαβε καταστενοχωρεμένη η μεγάλη βασιλοπούλα, σοβαρή, λίγο απόμακρη, και πλάγι της και ύστερα παρακαλείς να μην έχει να πει, ούτε στην.', 6, 'https://via.placeholder.com/400x600.png/0000cc?text=quisquam', 'French', 'in, dolorum'),
(185, 'Ο Αντώνης.', 'Giunti Editore', '9783384053510', 351, 'Αυτοί οι Κρητικοί είναι παλικάρια! Οι δικοί μου είναι Έλληνες, οι δικοί σου πρέπει να είναι τούρκικος! Και νιώθοντας πως ο ναργιλές με πείραξε; αναφώνησε ο Αντώνης. Ακούς, Πουλουδιά; Ε, Πουλουδιά.', 7, 'https://via.placeholder.com/400x600.png/0066aa?text=explicabo', 'English', 'corporis, impedit, tempora, corrupti, laborum'),
(186, 'Και οι Ροδίτες και οι.', 'Bompiani', '9799032254918', 447, 'Απόψε όμως ήταν στις στραβές της η Αλίς, με τις στά-α-μνες και με φιάκα ρώτησε τον Γιάννη: - Ναι! αναφώνησε. Πάμε! Πήρε τη φόρα του, έτρεξε, πήδηξε... κι έπεσε μες στη σούπα σου! Δε σου άξιζε βέβαια! Και σου φέρνω τη σβούρα.', 11, 'https://via.placeholder.com/400x600.png/002200?text=qui', 'Greek', 'atque, nulla'),
(187, 'Αντώνης, μαζεμένος πάλι: - Ναι, είπε.', 'Εκδόσεις Παπαδόπουλος', '9794359207623', 744, 'Αλήθεια; έκανε. Και υποψιάρικα πρόσθεσε: - Μην το αγγίζεις! - Μα πώς βρέθηκε στο δρόμο και κάθισαν στο χώμα να συνέλθουν. Ωστόσο είχε συνέλθει και η Πουλουδιά. Νευρικά έσιαξε ο Αντώνης κατέβηκε στο δρόμο το γεμάτον κόσμο τη βραδινή αυτή ώρα, και τρόμαξαν και ντράπηκαν γι\'.', 11, 'https://via.placeholder.com/400x600.png/00ff77?text=consequatur', 'French', 'itaque'),
(188, 'Γιατί τον έδειρες; Τι σου είπε.', 'Εκδόσεις Καστανιώτη', '9780709538226', 267, 'Εκείνο το απόγεμα στης θείας της Αλίς να είναι Εβραίοι καλόγεροι; - Μα τι έπαθες απόψε; ξαναφώναξε ο Αντώνης. - Πολύ φανταγμένη, είπε η Πουλουδιά: «Θα μου τα φάνε τ\' αδέλφια της. Αντάμωσε την.', 0, 'https://via.placeholder.com/400x600.png/0000ee?text=fuga', 'Greek', 'sint, mollitia, doloremque, modi'),
(189, 'Αντώνης: - Εγώ ήθελα να τη βρει. Μα κι εκεί η.', 'Rizzoli Editore', '9784492935682', 371, 'Τ\' ακούς; Και του είπα: «Κάνε το πάλι!» Και το άλλο που είπες; - Όχι, είναι το ευχαριστώ; Μπράβο σου! - Δεν είναι τίποτα, και συ το λοφίο σου, μεγαλειότατε, στις μεγάλες περιστάσεις!» Και γέλασε ο βασιλέας. - Μου τα \'δωσε η βασίλισσα! είπε η Μαρούσα.', 14, 'https://via.placeholder.com/400x600.png/00cc33?text=aliquid', 'English', 'placeat, odit'),
(190, 'Πουλουδιά στέκουνταν.', 'Dumont Verlag', '9795823083705', 718, 'Η Αφροδίτη προχθές μου έβαλε στο γόνατο του θείου και της θείας. Ήταν ένας μικρός που έτρεχε και ξεσκλάβωνε όλους! Μα ήλθε ένας.', 6, 'https://via.placeholder.com/400x600.png/00cc33?text=maxime', 'Greek', 'explicabo, non'),
(191, 'Πουλουδιά. - Για πες το!.', 'Suhrkamp Verlag', '9798261395614', 598, 'Πουλουδιά παίρνοντας το χέρι πάνω στα καταδικασμένα μπισκότα. - Σαν πόσες δραχμές λες να ζητήσει συγχώρηση. Αυτό απ\' όλες τις διαμαρτυρίες του πως για χατίρι σου! Κόπηκε το αίμα μου σα σε είδα να σε παίρνει η θάλασσα είναι εδώ; - Ούτε.', 18, 'https://via.placeholder.com/400x600.png/009988?text=voluptatem', 'Greek', 'eum'),
(192, 'Αλέξανδρος, ενθουσιασμένος που έπιασε ο.', 'Groupe Éditorial L\'Express', '9799007982518', 253, 'Αλέξανδρος μ\' ευλάβεια, σα δισκοπότηρο, μια καθαρή φορεσιά. Και όταν τα \'βγαζαν πέρα μονάχα, μια φορά πως, σα μεγαλώσεις, θα πάρεις τον.', 16, 'https://via.placeholder.com/400x600.png/009944?text=laborum', 'Spanish', 'eligendi, sed, minus, esse'),
(193, 'Μπορούσα να σε πληρώσομε, είπε η θεία.', 'Flammarion', '9783638826303', 146, 'Ράις! - Και είναι εκεί και νερό... πρόφθασε να μετρήσει την απόσταση, και τα πόδια σου στο νερό. Το πλουφ δεν το περίμενε και από κει στο λιμάνι, για να παίξουν, που ήταν καλή, όσο.', 16, 'https://via.placeholder.com/400x600.png/0088ee?text=sequi', 'German', 'tempore, sit, quos, enim'),
(194, 'Και γέμισε η κάμαρα όλη. Η Αλεξάνδρα.', 'Kiepenheuer & Witsch', '9792759572105', 718, 'Αντώνης. - Στάσου, μπρε παιδί μου, ποιος σ\' έγδαρε έτσι; Η Πουλουδιά δάκρυσε. - Και φώναζε η θεία. Και τώρα που πέρασε ο κίνδυνος, η καρδιά του όμως βούλιαζε όλο και πιο κοντά, βαθιά, κάτω, στους βράχους, τις πέτρες που ξεχώριζαν μια.', 0, 'https://via.placeholder.com/400x600.png/001133?text=vel', 'French', 'autem, iste'),
(195, 'Κλειώ. Και όλοι θαύμασαν.', 'Ediciones Salamandra', '9792340939461', 112, 'Αχ... το αγαπημένο σου φαγί. Και είπε ο θείος το καπέλο του και τα χρυσά γαλόνια στο πηλήκιο του; ρώτησε αυστηρά ο Αντώνης. Εσύ είσαι η κερα-Ρήνη!» Και κάθισε, να έτσι, και ήθελε να δώσει δίκαιο σε κορίτσι. Κι εδώ, ή ο Στάμος λέγει πως θα είναι Άγγλοι; Και η.', 16, 'https://via.placeholder.com/400x600.png/00bb11?text=doloribus', 'Spanish', 'voluptatem, nostrum, consequuntur'),
(196, 'Πουλουδιά.', 'Εκδόσεις Κλειδάριθμος', '9788403914773', 219, 'Πουλουδιά, τρελαίνουνταν για τις αταξίες και τα φτερά και κρεμασμένο το κεφάλι. - Να το πω λοιπόν; Η Πουλουδιά σφούγγισε τα μάτια του, που έσερναν.', 15, 'https://via.placeholder.com/400x600.png/004433?text=quis', 'Spanish', 'quibusdam, qui, deserunt, voluptas'),
(197, 'Γαβγίσματα, φυσίγματα.', 'Piper Verlag', '9795200219208', 218, 'Πουλουδιάς έπεσε αμέσως στο ξαφνισμένο, όλο δάκρυα και αναφιλητά στ\' άσπρα κεντήματα της φούστας της. Τότε άρχιζε η καλή ώρα του τραπεζιού. - Μάλιστα! Τέτοια κάνουν.', 2, 'https://via.placeholder.com/400x600.png/001122?text=aut', 'Italian', 'esse, adipisci'),
(198, 'Και τώρα, ο κύριος Αλέξανδρος να.', 'Editorial Planeta', '9783534186914', 398, 'Κλειώ και την τιμωρία σου. Να έχεις έννοια, σαν περάσει τ\' απόγεμα έπαιζαν ντόμινο. - Δεύτερη ψευτιά σήμερα, από καλοσύνη, είπε ο Αλέξανδρος: - Είχαμε περιστέρια με μπιζέλι. - Αχ... το.', 13, 'https://via.placeholder.com/400x600.png/00aa22?text=sint', 'Greek', 'dolor, odit'),
(199, 'Τον είδα... μα τον διέκοψε η Αφροδίτη. Και.', 'Kiepenheuer & Witsch', '9786257624336', 686, 'Γιάννης. Με τα χέρια του. - Και γιατί δεν πήγες εσύ στην Κηφισιά; Μα η φόρα της κόπηκε η φόρα του Αντώνη τόσο, που έχασε την.', 1, 'https://via.placeholder.com/400x600.png/004422?text=enim', 'German', 'praesentium, et, ipsum, ipsam'),
(200, 'Ποιος θα κλείσει τη μηχανή; Να τη βρει η θεία.', 'Macmillan Publishers', '9785214230702', 234, 'Ώσπου τους γύρισε τη ράχη του. Και, βρουτσίζοντας τα μαλλιά της ακόμα πιο χαμηλόφωνα ο Αντώνης. Μα η Πουλουδιά, που με την αδελφή του, μπρος στο βασιλέα, παρασέρνοντας και το νερό πολύ χαμηλά. Μα τους είχε στην τσέπη και.', 15, 'https://via.placeholder.com/400x600.png/00dd44?text=non', 'English', 'molestias, quis, dolores, est');

--
-- Άδειασμα δεδομένων του πίνακα `book_author`
--

INSERT INTO `book_author` (`Author_ID`, `Book_ID`) VALUES
(1, 41),
(1, 56),
(1, 69),
(2, 51),
(3, 27),
(3, 34),
(3, 47),
(3, 90),
(3, 92),
(3, 157),
(3, 184),
(4, 15),
(4, 86),
(4, 110),
(4, 177),
(4, 195),
(5, 114),
(5, 136),
(5, 142),
(5, 193),
(6, 30),
(6, 114),
(6, 154),
(6, 187),
(7, 4),
(7, 12),
(7, 30),
(7, 95),
(7, 193),
(8, 4),
(8, 27),
(8, 51),
(8, 87),
(8, 111),
(9, 41),
(9, 100),
(9, 131),
(9, 134),
(9, 153),
(10, 5),
(10, 48),
(10, 102),
(10, 131),
(10, 137),
(10, 139),
(10, 172),
(10, 198),
(11, 24),
(11, 64),
(11, 76),
(11, 174),
(12, 28),
(12, 43),
(12, 83),
(12, 91),
(12, 112),
(12, 132),
(13, 5),
(13, 13),
(13, 58),
(13, 61),
(13, 62),
(13, 63),
(13, 81),
(13, 185),
(13, 200),
(14, 39),
(14, 106),
(14, 111),
(14, 188),
(14, 197),
(15, 103),
(15, 131),
(15, 150),
(15, 155),
(15, 194),
(15, 197),
(16, 29),
(16, 179),
(17, 52),
(17, 88),
(17, 150),
(18, 170),
(18, 173),
(18, 175),
(18, 196),
(19, 10),
(19, 62),
(20, 19),
(20, 78),
(20, 200),
(21, 23),
(21, 35),
(21, 92),
(21, 158),
(22, 8),
(22, 58),
(22, 94),
(22, 140),
(23, 40),
(23, 176),
(24, 37),
(24, 72),
(24, 82),
(24, 160),
(24, 196),
(25, 4),
(25, 101),
(25, 107),
(25, 117),
(25, 149),
(25, 171),
(25, 175),
(26, 27),
(26, 105),
(26, 127),
(27, 42),
(27, 80),
(27, 115),
(27, 126),
(27, 128),
(28, 72),
(28, 171),
(29, 16),
(29, 120),
(29, 143),
(30, 3),
(30, 135),
(30, 178),
(31, 10),
(31, 78),
(31, 91),
(31, 112),
(31, 143),
(32, 30),
(32, 121),
(33, 55),
(33, 67),
(33, 117),
(33, 141),
(33, 158),
(33, 184),
(33, 194),
(34, 24),
(34, 44),
(34, 71),
(34, 133),
(34, 150),
(34, 171),
(35, 42),
(35, 66),
(35, 146),
(36, 94),
(36, 148),
(36, 167),
(37, 63),
(37, 145),
(37, 151),
(38, 12),
(38, 29),
(38, 39),
(38, 139),
(39, 1),
(39, 152),
(40, 9),
(40, 32),
(40, 118),
(40, 151),
(40, 162),
(41, 33),
(41, 45),
(41, 90),
(41, 168),
(43, 1),
(43, 16),
(43, 17),
(43, 86),
(44, 6),
(44, 58),
(44, 103),
(44, 190),
(45, 68),
(45, 129),
(45, 138),
(45, 152),
(45, 161),
(45, 192),
(46, 5),
(46, 73),
(46, 76),
(46, 98),
(46, 104),
(46, 190),
(46, 193),
(47, 15),
(47, 49),
(47, 91),
(47, 184),
(48, 1),
(48, 38),
(48, 151),
(48, 198),
(49, 113),
(49, 173),
(49, 181),
(50, 49),
(50, 55),
(50, 86),
(50, 107),
(50, 155),
(50, 156),
(51, 63),
(51, 124),
(51, 175),
(51, 183),
(52, 12),
(52, 17),
(52, 64),
(52, 80),
(52, 96),
(52, 105),
(52, 168),
(53, 108),
(53, 191),
(54, 8),
(54, 82),
(54, 99),
(54, 120),
(54, 139),
(54, 183),
(54, 187),
(55, 71),
(55, 116),
(56, 18),
(56, 48),
(56, 53),
(56, 95),
(56, 144),
(56, 166),
(57, 45),
(57, 47),
(57, 97),
(57, 123),
(58, 44),
(58, 199),
(60, 69),
(60, 94),
(60, 110),
(60, 169),
(61, 36),
(61, 126),
(61, 181),
(61, 192),
(62, 93),
(62, 96),
(62, 98),
(63, 6),
(63, 37),
(63, 50),
(63, 83),
(63, 101),
(63, 138),
(64, 76),
(64, 79),
(64, 119),
(64, 125),
(64, 130),
(64, 133),
(64, 196),
(64, 199),
(65, 65),
(65, 72),
(65, 95),
(65, 125),
(65, 161),
(65, 163),
(66, 126),
(66, 145),
(66, 180),
(67, 3),
(67, 50),
(67, 112),
(67, 115),
(67, 148),
(67, 179),
(67, 182),
(68, 3),
(68, 35),
(68, 47),
(68, 57),
(68, 169),
(69, 6),
(69, 99),
(70, 20),
(70, 77),
(70, 85),
(70, 132),
(71, 7),
(71, 88),
(72, 38),
(72, 96),
(72, 198),
(73, 22),
(73, 31),
(73, 44),
(73, 157),
(74, 10),
(74, 29),
(74, 122),
(74, 146),
(75, 2),
(75, 14),
(75, 26),
(75, 34),
(75, 46),
(75, 70),
(75, 164),
(76, 11),
(76, 14),
(76, 46),
(76, 69),
(76, 170),
(78, 32),
(78, 37),
(78, 147),
(79, 22),
(79, 54),
(79, 141),
(79, 174),
(79, 186),
(79, 199),
(80, 89),
(80, 98),
(80, 185),
(81, 166),
(82, 15),
(82, 17),
(82, 191),
(83, 11),
(83, 93),
(83, 109),
(83, 110),
(83, 127),
(83, 179),
(84, 85),
(85, 177),
(85, 188),
(86, 25),
(86, 56),
(86, 154),
(87, 100),
(88, 25),
(88, 74),
(89, 14),
(89, 45),
(89, 159),
(90, 21),
(90, 59),
(90, 130),
(90, 154),
(90, 187),
(90, 189),
(90, 190),
(91, 11),
(91, 65),
(91, 123),
(92, 71),
(92, 123),
(92, 155),
(92, 173),
(92, 195),
(93, 28),
(93, 83),
(93, 102),
(93, 142),
(93, 146),
(93, 164),
(94, 60),
(94, 64),
(94, 68),
(94, 82),
(94, 128),
(94, 142),
(94, 195),
(95, 2),
(95, 26),
(95, 84),
(95, 107),
(95, 158),
(96, 41),
(96, 60),
(97, 9),
(97, 33),
(97, 55),
(97, 56),
(97, 137),
(97, 164),
(98, 102),
(99, 134),
(99, 165),
(100, 62),
(100, 75),
(100, 81),
(100, 125);

--
-- Άδειασμα δεδομένων του πίνακα `book_category`
--

INSERT INTO `book_category` (`Category_ID`, `Book_ID`) VALUES
(1, 3),
(1, 15),
(1, 30),
(1, 32),
(1, 36),
(1, 37),
(1, 43),
(1, 44),
(1, 52),
(1, 54),
(1, 63),
(1, 65),
(1, 68),
(1, 79),
(1, 81),
(1, 83),
(1, 88),
(1, 91),
(1, 95),
(1, 99),
(1, 100),
(1, 106),
(1, 111),
(1, 112),
(1, 113),
(1, 117),
(1, 119),
(1, 124),
(1, 129),
(1, 134),
(1, 145),
(1, 146),
(1, 150),
(1, 151),
(1, 164),
(1, 165),
(1, 181),
(1, 184),
(1, 189),
(1, 190),
(1, 195),
(1, 197),
(1, 199),
(2, 17),
(2, 25),
(2, 26),
(2, 30),
(2, 34),
(2, 42),
(2, 47),
(2, 49),
(2, 52),
(2, 57),
(2, 59),
(2, 62),
(2, 64),
(2, 65),
(2, 88),
(2, 89),
(2, 98),
(2, 102),
(2, 107),
(2, 113),
(2, 114),
(2, 117),
(2, 119),
(2, 121),
(2, 133),
(2, 135),
(2, 137),
(2, 138),
(2, 140),
(2, 157),
(2, 173),
(2, 175),
(2, 176),
(2, 178),
(2, 185),
(2, 194),
(3, 3),
(3, 5),
(3, 7),
(3, 11),
(3, 13),
(3, 15),
(3, 16),
(3, 24),
(3, 28),
(3, 43),
(3, 45),
(3, 47),
(3, 48),
(3, 53),
(3, 66),
(3, 70),
(3, 75),
(3, 76),
(3, 77),
(3, 78),
(3, 81),
(3, 83),
(3, 84),
(3, 90),
(3, 96),
(3, 100),
(3, 105),
(3, 108),
(3, 113),
(3, 116),
(3, 122),
(3, 124),
(3, 125),
(3, 126),
(3, 127),
(3, 152),
(3, 160),
(3, 161),
(3, 163),
(3, 166),
(3, 168),
(3, 182),
(3, 192),
(3, 193),
(3, 197),
(4, 6),
(4, 18),
(4, 21),
(4, 27),
(4, 31),
(4, 39),
(4, 49),
(4, 51),
(4, 56),
(4, 58),
(4, 60),
(4, 63),
(4, 65),
(4, 68),
(4, 69),
(4, 79),
(4, 84),
(4, 87),
(4, 92),
(4, 94),
(4, 98),
(4, 106),
(4, 110),
(4, 122),
(4, 127),
(4, 137),
(4, 139),
(4, 148),
(4, 153),
(4, 163),
(4, 169),
(4, 182),
(4, 183),
(4, 184),
(4, 185),
(4, 186),
(4, 191),
(4, 192),
(4, 193),
(5, 2),
(5, 4),
(5, 6),
(5, 11),
(5, 12),
(5, 13),
(5, 16),
(5, 23),
(5, 43),
(5, 46),
(5, 61),
(5, 74),
(5, 88),
(5, 89),
(5, 105),
(5, 107),
(5, 108),
(5, 115),
(5, 121),
(5, 127),
(5, 130),
(5, 138),
(5, 140),
(5, 145),
(5, 150),
(5, 164),
(5, 170),
(5, 178),
(5, 184),
(5, 188),
(5, 191),
(5, 195),
(5, 199),
(6, 8),
(6, 12),
(6, 16),
(6, 19),
(6, 20),
(6, 26),
(6, 34),
(6, 44),
(6, 45),
(6, 54),
(6, 69),
(6, 72),
(6, 73),
(6, 74),
(6, 81),
(6, 97),
(6, 101),
(6, 102),
(6, 109),
(6, 116),
(6, 123),
(6, 128),
(6, 138),
(6, 144),
(6, 146),
(6, 159),
(6, 160),
(6, 183),
(6, 189),
(6, 194),
(7, 1),
(7, 10),
(7, 23),
(7, 28),
(7, 29),
(7, 32),
(7, 33),
(7, 35),
(7, 36),
(7, 40),
(7, 41),
(7, 42),
(7, 50),
(7, 57),
(7, 66),
(7, 67),
(7, 69),
(7, 77),
(7, 91),
(7, 93),
(7, 94),
(7, 101),
(7, 103),
(7, 112),
(7, 114),
(7, 116),
(7, 123),
(7, 125),
(7, 126),
(7, 129),
(7, 131),
(7, 132),
(7, 135),
(7, 136),
(7, 141),
(7, 149),
(7, 153),
(7, 154),
(7, 162),
(7, 165),
(7, 171),
(7, 175),
(7, 179),
(7, 190),
(7, 199),
(7, 200),
(8, 4),
(8, 22),
(8, 24),
(8, 28),
(8, 33),
(8, 36),
(8, 38),
(8, 44),
(8, 47),
(8, 49),
(8, 59),
(8, 63),
(8, 67),
(8, 71),
(8, 75),
(8, 77),
(8, 78),
(8, 85),
(8, 86),
(8, 89),
(8, 96),
(8, 104),
(8, 108),
(8, 115),
(8, 118),
(8, 120),
(8, 132),
(8, 135),
(8, 141),
(8, 142),
(8, 151),
(8, 158),
(8, 159),
(8, 167),
(8, 173),
(8, 174),
(8, 183),
(8, 187),
(8, 189),
(8, 195),
(8, 198),
(9, 2),
(9, 3),
(9, 7),
(9, 17),
(9, 18),
(9, 22),
(9, 23),
(9, 26),
(9, 35),
(9, 42),
(9, 55),
(9, 56),
(9, 62),
(9, 71),
(9, 82),
(9, 90),
(9, 91),
(9, 95),
(9, 99),
(9, 101),
(9, 109),
(9, 111),
(9, 112),
(9, 121),
(9, 124),
(9, 129),
(9, 130),
(9, 131),
(9, 136),
(9, 140),
(9, 142),
(9, 143),
(9, 156),
(9, 158),
(9, 167),
(9, 172),
(9, 185),
(9, 188),
(9, 196),
(10, 5),
(10, 9),
(10, 12),
(10, 14),
(10, 32),
(10, 39),
(10, 59),
(10, 68),
(10, 75),
(10, 76),
(10, 78),
(10, 79),
(10, 80),
(10, 84),
(10, 92),
(10, 95),
(10, 96),
(10, 106),
(10, 109),
(10, 111),
(10, 114),
(10, 117),
(10, 123),
(10, 134),
(10, 145),
(10, 147),
(10, 151),
(10, 155),
(10, 158),
(10, 163),
(10, 165),
(10, 174),
(10, 177),
(10, 179),
(10, 180),
(10, 182),
(10, 192);

--
-- Άδειασμα δεδομένων του πίνακα `book_libraryoperator`
--

INSERT INTO `book_libraryoperator` (`LibraryOperator_ID`, `Book_ID`) VALUES
(1, 4),
(1, 8),
(1, 12),
(1, 13),
(1, 16),
(1, 20),
(1, 21),
(1, 23),
(1, 27),
(1, 28),
(1, 32),
(1, 34),
(1, 35),
(1, 36),
(1, 37),
(1, 39),
(1, 40),
(1, 41),
(1, 42),
(1, 45),
(1, 47),
(1, 49),
(1, 62),
(1, 63),
(1, 69),
(1, 74),
(1, 79),
(1, 85),
(1, 90),
(1, 91),
(1, 92),
(1, 99),
(1, 102),
(1, 105),
(1, 107),
(1, 111),
(1, 112),
(1, 113),
(1, 117),
(1, 124),
(1, 129),
(1, 130),
(1, 131),
(1, 132),
(1, 134),
(1, 139),
(1, 142),
(1, 144),
(1, 146),
(1, 149),
(1, 154),
(1, 156),
(1, 158),
(1, 160),
(1, 162),
(1, 163),
(1, 164),
(1, 167),
(1, 169),
(1, 173),
(1, 176),
(1, 178),
(1, 180),
(1, 183),
(1, 184),
(1, 187),
(1, 191),
(1, 198),
(1, 199),
(2, 1),
(2, 2),
(2, 3),
(2, 6),
(2, 19),
(2, 22),
(2, 26),
(2, 29),
(2, 38),
(2, 40),
(2, 46),
(2, 48),
(2, 52),
(2, 53),
(2, 58),
(2, 59),
(2, 60),
(2, 63),
(2, 65),
(2, 67),
(2, 73),
(2, 77),
(2, 81),
(2, 82),
(2, 92),
(2, 101),
(2, 104),
(2, 106),
(2, 107),
(2, 109),
(2, 111),
(2, 117),
(2, 118),
(2, 119),
(2, 121),
(2, 123),
(2, 124),
(2, 125),
(2, 132),
(2, 133),
(2, 140),
(2, 141),
(2, 151),
(2, 157),
(2, 158),
(2, 160),
(2, 168),
(2, 169),
(2, 177),
(2, 179),
(2, 180),
(2, 182),
(2, 185),
(2, 186),
(2, 188),
(2, 191),
(2, 196),
(3, 2),
(3, 7),
(3, 9),
(3, 10),
(3, 12),
(3, 13),
(3, 14),
(3, 18),
(3, 19),
(3, 25),
(3, 26),
(3, 37),
(3, 41),
(3, 43),
(3, 44),
(3, 45),
(3, 47),
(3, 48),
(3, 53),
(3, 55),
(3, 57),
(3, 59),
(3, 64),
(3, 65),
(3, 71),
(3, 73),
(3, 75),
(3, 78),
(3, 80),
(3, 83),
(3, 86),
(3, 88),
(3, 89),
(3, 90),
(3, 93),
(3, 97),
(3, 101),
(3, 102),
(3, 108),
(3, 112),
(3, 113),
(3, 116),
(3, 122),
(3, 126),
(3, 129),
(3, 131),
(3, 133),
(3, 137),
(3, 138),
(3, 141),
(3, 146),
(3, 147),
(3, 150),
(3, 152),
(3, 155),
(3, 167),
(3, 168),
(3, 172),
(3, 174),
(3, 184),
(3, 185),
(3, 188),
(3, 189),
(3, 192),
(3, 193),
(3, 195),
(3, 197),
(3, 199),
(4, 3),
(4, 4),
(4, 5),
(4, 6),
(4, 11),
(4, 12),
(4, 14),
(4, 19),
(4, 24),
(4, 35),
(4, 42),
(4, 45),
(4, 47),
(4, 52),
(4, 53),
(4, 54),
(4, 57),
(4, 61),
(4, 63),
(4, 64),
(4, 66),
(4, 67),
(4, 69),
(4, 70),
(4, 72),
(4, 73),
(4, 76),
(4, 79),
(4, 81),
(4, 83),
(4, 85),
(4, 87),
(4, 103),
(4, 105),
(4, 108),
(4, 109),
(4, 110),
(4, 112),
(4, 114),
(4, 116),
(4, 118),
(4, 119),
(4, 122),
(4, 123),
(4, 129),
(4, 130),
(4, 131),
(4, 135),
(4, 137),
(4, 143),
(4, 146),
(4, 152),
(4, 153),
(4, 156),
(4, 165),
(4, 166),
(4, 167),
(4, 170),
(4, 171),
(4, 173),
(4, 175),
(4, 181),
(4, 185),
(4, 196),
(4, 197),
(4, 198),
(4, 199),
(5, 1),
(5, 2),
(5, 9),
(5, 10),
(5, 15),
(5, 16),
(5, 18),
(5, 23),
(5, 25),
(5, 33),
(5, 38),
(5, 39),
(5, 44),
(5, 46),
(5, 48),
(5, 49),
(5, 50),
(5, 51),
(5, 55),
(5, 58),
(5, 60),
(5, 68),
(5, 75),
(5, 78),
(5, 84),
(5, 85),
(5, 88),
(5, 90),
(5, 91),
(5, 94),
(5, 98),
(5, 109),
(5, 115),
(5, 118),
(5, 120),
(5, 121),
(5, 127),
(5, 128),
(5, 138),
(5, 139),
(5, 140),
(5, 142),
(5, 145),
(5, 153),
(5, 157),
(5, 158),
(5, 159),
(5, 161),
(5, 165),
(5, 166),
(5, 169),
(5, 170),
(5, 177),
(5, 178),
(5, 180),
(5, 181),
(5, 189),
(5, 190),
(5, 192),
(5, 194),
(5, 195),
(6, 3),
(6, 5),
(6, 6),
(6, 7),
(6, 10),
(6, 13),
(6, 14),
(6, 17),
(6, 18),
(6, 20),
(6, 24),
(6, 26),
(6, 27),
(6, 29),
(6, 30),
(6, 31),
(6, 36),
(6, 37),
(6, 38),
(6, 42),
(6, 49),
(6, 50),
(6, 52),
(6, 56),
(6, 58),
(6, 59),
(6, 61),
(6, 64),
(6, 65),
(6, 75),
(6, 76),
(6, 79),
(6, 80),
(6, 82),
(6, 84),
(6, 86),
(6, 89),
(6, 92),
(6, 93),
(6, 95),
(6, 96),
(6, 99),
(6, 100),
(6, 101),
(6, 102),
(6, 104),
(6, 105),
(6, 119),
(6, 124),
(6, 125),
(6, 127),
(6, 130),
(6, 132),
(6, 136),
(6, 137),
(6, 140),
(6, 142),
(6, 148),
(6, 151),
(6, 152),
(6, 153),
(6, 157),
(6, 161),
(6, 162),
(6, 163),
(6, 165),
(6, 170),
(6, 173),
(6, 175),
(6, 178),
(6, 179),
(6, 183),
(6, 189),
(6, 190),
(6, 191),
(6, 192),
(6, 196),
(6, 200);

--
-- Άδειασμα δεδομένων του πίνακα `borrowing`
--

INSERT INTO `borrowing` (`Borrowing_ID`, `Borrowing_Date`, `Return_Date`, `Returned`, `User_ID`, `LibraryOperator_ID`, `Book_ID`) VALUES
(1, '2023-01-01', '2023-01-08', 1, 30, 3, 86),
(2, '2023-02-03', '2023-02-10', 1, 2, 6, 170),
(3, '2022-10-09', '2022-10-16', 1, 40, 2, 59),
(4, '2022-09-13', '2022-09-20', 1, 90, 3, 150),
(5, '2022-09-03', '2022-09-10', 1, 77, 1, 37),
(6, '2022-01-08', '2022-01-15', 1, 55, 3, 167),
(7, '2023-02-13', '2023-02-20', 1, 4, 6, 27),
(8, '2023-05-21', '2023-05-28', 1, 75, 1, 49),
(9, '2022-12-04', '2022-12-11', 0, 59, 5, 195),
(10, '2022-07-29', '2022-08-05', 1, 47, 4, 54),
(11, '2022-08-10', '2022-08-17', 1, 66, 5, 138),
(12, '2022-10-05', '2022-10-12', 0, 80, 3, 113),
(13, '2023-01-18', '2023-01-25', 1, 15, 2, 169),
(14, '2023-01-05', '2023-01-12', 1, 38, 2, 26),
(15, '2022-11-07', '2022-11-14', 1, 32, 3, 2),
(16, '2022-07-26', '2022-08-02', 1, 84, 2, 180),
(17, '2022-09-21', '2022-09-28', 0, 2, 6, 37),
(18, '2022-03-19', '2022-03-26', 1, 25, 5, 98),
(19, '2022-01-09', '2022-01-16', 1, 54, 5, 192),
(20, '2022-01-04', '2022-01-11', 1, 13, 3, 13),
(21, '2023-05-10', '2023-05-17', 1, 3, 1, 187),
(22, '2022-08-27', '2022-09-03', 1, 41, 3, 90),
(23, '2022-05-26', '2022-06-02', 1, 68, 6, 61),
(24, '2023-01-23', '2023-01-30', 1, 86, 3, 141),
(25, '2023-05-06', '2023-05-13', 1, 38, 2, 121),
(26, '2022-02-12', '2022-02-19', 0, 33, 4, 110),
(27, '2022-02-25', '2022-03-04', 1, 76, 2, 106),
(28, '2022-01-04', '2022-01-11', 1, 66, 5, 181),
(29, '2022-02-05', '2022-02-12', 1, 52, 5, 91),
(30, '2022-12-18', '2022-12-25', 1, 67, 3, 112),
(31, '2023-03-21', '2023-03-28', 0, 65, 3, 9),
(32, '2022-01-07', '2022-01-14', 1, 29, 5, 128),
(33, '2023-03-07', '2023-03-14', 1, 82, 3, 43),
(34, '2022-02-05', '2022-02-12', 1, 8, 3, 188),
(35, '2023-05-20', '2023-05-27', 1, 82, 3, 168),
(36, '2022-02-27', '2022-03-06', 1, 46, 1, 129),
(37, '2022-11-15', '2022-11-22', 0, 58, 5, 194),
(38, '2022-05-21', '2022-05-28', 1, 29, 5, 90),
(39, '2022-09-10', '2022-09-17', 1, 68, 6, 56),
(40, '2023-04-22', '2023-04-29', 1, 19, 4, 66),
(41, '2023-02-11', '2023-02-18', 1, 74, 5, 98),
(42, '2022-11-01', '2022-11-08', 1, 34, 3, 126),
(43, '2023-01-27', '2023-02-03', 1, 9, 2, 3),
(44, '2022-01-12', '2022-01-19', 1, 28, 1, 164),
(45, '2022-01-17', '2022-01-24', 1, 63, 3, 199),
(46, '2022-02-19', '2022-02-26', 1, 37, 5, 75),
(47, '2023-05-24', '2023-05-31', 1, 22, 1, 162),
(48, '2022-10-27', '2022-11-03', 1, 42, 3, 47),
(49, '2022-02-10', '2022-02-17', 0, 47, 4, 14),
(50, '2022-11-02', '2022-11-09', 1, 12, 4, 6),
(51, '2022-10-01', '2022-10-08', 1, 7, 2, 123),
(52, '2022-09-17', '2022-09-24', 1, 76, 2, 124),
(53, '2022-06-19', '2022-06-26', 1, 27, 5, 90),
(54, '2022-02-08', '2022-02-15', 1, 56, 6, 132),
(55, '2022-04-12', '2022-04-19', 1, 29, 5, 190),
(56, '2022-09-09', '2022-09-16', 1, 35, 1, 13),
(57, '2023-05-05', '2023-05-12', 1, 13, 3, 147),
(58, '2022-07-26', '2022-08-02', 0, 48, 4, 196),
(59, '2023-01-26', '2023-02-02', 1, 21, 3, 88),
(60, '2022-11-29', '2022-12-06', 1, 44, 3, 25),
(61, '2022-09-30', '2022-10-07', 0, 76, 2, 22),
(62, '2023-06-01', '2023-06-08', 1, 70, 2, 157),
(63, '2022-09-19', '2022-09-26', 1, 71, 3, 199),
(64, '2022-04-04', '2022-04-11', 1, 22, 1, 23),
(65, '2023-05-07', '2023-05-14', 1, 36, 2, 140),
(66, '2022-02-17', '2022-02-24', 1, 67, 3, 65),
(67, '2022-06-04', '2022-06-11', 1, 51, 6, 37),
(68, '2023-05-22', '2023-05-29', 1, 12, 4, 85),
(69, '2023-01-18', '2023-01-25', 0, 43, 4, 109),
(70, '2023-01-17', '2023-01-24', 0, 22, 1, 45),
(71, '2022-11-27', '2022-12-04', 0, 62, 1, 49),
(72, '2022-07-31', '2022-08-07', 1, 35, 1, 184),
(73, '2023-05-26', '2023-06-02', 1, 38, 2, 119),
(74, '2023-04-23', '2023-04-30', 0, 25, 5, 39),
(75, '2023-05-12', '2023-05-19', 1, 82, 3, 116),
(76, '2023-02-15', '2023-02-22', 1, 36, 2, 160),
(77, '2022-11-23', '2022-11-30', 1, 35, 1, 32),
(78, '2023-01-30', '2023-02-06', 1, 6, 2, 109),
(79, '2022-04-19', '2022-04-26', 1, 49, 6, 130),
(80, '2022-02-04', '2022-02-11', 1, 67, 3, 174),
(81, '2022-02-12', '2022-02-19', 1, 63, 3, 71),
(82, '2022-05-21', '2022-05-28', 1, 86, 3, 147),
(83, '2023-03-30', '2023-04-06', 1, 14, 4, 73),
(84, '2022-08-17', '2022-08-24', 1, 3, 1, 162),
(85, '2023-03-17', '2023-03-24', 0, 42, 3, 113),
(86, '2022-12-02', '2022-12-09', 1, 1, 5, 153),
(87, '2022-02-10', '2022-02-17', 1, 9, 2, 2),
(88, '2022-08-23', '2022-08-30', 1, 90, 3, 93),
(89, '2022-09-29', '2022-10-06', 1, 7, 2, 160),
(90, '2022-04-11', '2022-04-18', 1, 29, 5, 49),
(91, '2022-02-11', '2022-02-18', 1, 89, 3, 97),
(92, '2023-04-16', '2023-04-23', 1, 34, 3, 7),
(93, '2022-12-26', '2023-01-02', 1, 13, 3, 146),
(94, '2022-02-22', '2022-03-01', 1, 9, 2, 168),
(95, '2022-12-04', '2022-12-11', 1, 84, 2, 59),
(96, '2022-03-31', '2022-04-07', 1, 39, 3, 78),
(97, '2022-11-13', '2022-11-20', 1, 30, 3, 188),
(98, '2022-08-20', '2022-08-27', 1, 40, 2, 65),
(99, '2023-01-05', '2023-01-12', 1, 51, 6, 165),
(100, '2022-08-01', '2022-08-08', 1, 11, 4, 63),
(101, '2022-01-04', '2022-01-11', 1, 63, 3, 131),
(102, '2023-04-23', '2023-04-30', 1, 64, 1, 117),
(103, '2022-10-25', '2022-11-01', 1, 61, 3, 189),
(104, '2023-05-20', '2023-05-27', 1, 15, 2, 104),
(105, '2022-10-18', '2022-10-25', 1, 89, 3, 2),
(106, '2022-11-21', '2022-11-28', 1, 40, 2, 63),
(107, '2023-01-25', '2023-02-01', 1, 18, 6, 24),
(108, '2023-04-26', '2023-05-03', 0, 90, 3, 64),
(109, '2022-06-11', '2022-06-18', 1, 74, 5, 120),
(110, '2022-06-26', '2022-07-03', 1, 7, 2, 157),
(111, '2022-07-09', '2022-07-16', 0, 34, 3, 150),
(112, '2022-07-01', '2022-07-08', 1, 56, 6, 153),
(113, '2022-08-21', '2022-08-28', 0, 8, 3, 129),
(114, '2023-05-28', '2023-06-04', 1, 3, 1, 199),
(115, '2022-02-06', '2022-02-13', 1, 29, 5, 180),
(116, '2022-08-04', '2022-08-11', 0, 1, 5, 142),
(117, '2023-06-01', '2023-06-08', 0, 81, 2, 58),
(118, '2022-08-10', '2022-08-17', 1, 74, 5, 48),
(119, '2022-03-26', '2022-04-02', 0, 31, 1, 178),
(120, '2022-12-13', '2022-12-20', 1, 67, 3, 141),
(121, '2022-01-02', '2022-01-09', 1, 18, 6, 42),
(122, '2023-04-08', '2023-04-15', 1, 78, 5, 88),
(123, '2022-11-18', '2022-11-25', 1, 28, 1, 69),
(124, '2022-04-24', '2022-05-01', 1, 71, 3, 189),
(125, '2022-08-05', '2022-08-12', 1, 6, 2, 151),
(126, '2022-06-16', '2022-06-23', 1, 38, 2, 22),
(127, '2022-11-26', '2022-12-03', 1, 89, 3, 86),
(128, '2022-04-07', '2022-04-14', 0, 41, 3, 14),
(129, '2022-09-10', '2022-09-17', 1, 6, 2, 169),
(130, '2022-04-21', '2022-04-28', 1, 53, 6, 125),
(131, '2022-10-21', '2022-10-28', 1, 64, 1, 184),
(132, '2022-10-02', '2022-10-09', 0, 82, 3, 73),
(133, '2023-03-01', '2023-03-08', 1, 5, 5, 9),
(134, '2022-06-19', '2022-06-26', 1, 5, 5, 118),
(135, '2023-05-29', '2023-06-05', 1, 27, 5, 33),
(136, '2022-05-06', '2022-05-13', 1, 89, 3, 37),
(137, '2022-05-25', '2022-06-01', 1, 7, 2, 119),
(138, '2022-08-18', '2022-08-25', 0, 24, 5, 84),
(139, '2022-04-27', '2022-05-04', 1, 55, 3, 53),
(140, '2022-10-27', '2022-11-03', 1, 7, 2, 125),
(141, '2023-05-06', '2023-05-13', 1, 32, 3, 185),
(142, '2022-02-27', '2022-03-06', 1, 12, 4, 116),
(143, '2022-09-18', '2022-09-25', 1, 27, 5, 84),
(144, '2022-11-21', '2022-11-28', 0, 71, 3, 141),
(145, '2022-03-16', '2022-03-23', 0, 75, 1, 156),
(146, '2023-04-07', '2023-04-14', 1, 61, 3, 152),
(147, '2022-01-22', '2022-01-29', 0, 49, 6, 127),
(148, '2022-11-29', '2022-12-06', 1, 23, 2, 73),
(149, '2022-03-23', '2022-03-30', 0, 10, 5, 195),
(150, '2022-10-09', '2022-10-16', 1, 89, 3, 86);

--
-- Άδειασμα δεδομένων του πίνακα `category`
--

INSERT INTO `category` (`Category_ID`, `Name`) VALUES
(7, 'Biography'),
(9, 'Fantasy'),
(1, 'Fiction'),
(8, 'History'),
(3, 'Mystery'),
(2, 'Non-Fiction'),
(5, 'Romance'),
(4, 'Sci-Fi'),
(10, 'Self-Help'),
(6, 'Thriller');

--
-- Άδειασμα δεδομένων του πίνακα `libraryoperator`
--

INSERT INTO `libraryoperator` (`LibraryOperator_ID`, `First_Name`, `Last_Name`, `Username`, `Password`, `Age`, `Approved`, `Admin_ID`, `School_ID`) VALUES
(1, 'Δαμασκηνή', 'Αργυρού', 'maria06', ']-|X=xDZQoI', 26, 1, 1, 2),
(2, 'Ορφέας', 'Τρικούπη', 'alekopoylos.iakobos', '(Mjp=C;7;qRpX[5?', 49, 1, 1, 4),
(3, 'Λουκία', 'Αλεβίζος', 'ioannoy.giasemi', '?>mIDE', 50, 1, 1, 1),
(4, 'Νίκων', 'Αναστασίου', 'qoyzoynidis', 'p\'Gk3qA<3!,#tT]Kn~', 62, 1, 1, 6),
(5, 'Μελίνα', 'Ρόκας', 'tsklaboynos', 'n;\"t>1rGn<1DE21x', 63, 1, 1, 3),
(6, 'Κλεάνθης', 'Αργυρού', 'antimos09', '*uek`7x', 37, 1, 1, 5),
(7, 'Κομνηνή', 'Παπαδόπουλος', 'hiatridis', '\\oa1gdJ}aw#E5&U<#~', 70, 0, 1, 4),
(8, 'Θεοδόσιος', 'Ελευθεριάδης', 'xloi.giannopoylos', 'PMZ,17Y9-~=', 41, 0, 1, 2),
(9, 'Μαρτίνος', 'Καννελόπουλος', 'kypraios.xarilaos', '\";+9)QlaEa:rEkjW', 35, 0, 1, 3),
(10, 'Ρόζα', 'Τρικούπης', 'lamprini.ioannoy', 'F1\">>C[eRy', 41, 0, 1, 3);

--
-- Άδειασμα δεδομένων του πίνακα `reservation`
--

INSERT INTO `reservation` (`Reservation_ID`, `Reservation_Date`, `Status`, `User_ID`, `LibraryOperator_ID`, `Book_ID`) VALUES
(1, '2023-06-04', 'Pending', 74, 5, 181),
(2, '2023-05-23', 'Completed', 88, 5, 169),
(3, '2023-06-01', 'Pending', 72, 5, 115),
(4, '2022-08-11', 'Completed', 63, 3, 89),
(5, '2023-06-04', 'Pending', 14, 4, 156),
(6, '2023-05-29', 'Pending', 69, 4, 3),
(7, '2022-12-11', 'Completed', 5, 5, 140),
(8, '2023-04-06', 'Completed', 29, 5, 46),
(9, '2022-12-07', 'Completed', 66, 5, 90),
(10, '2023-01-09', 'Completed', 18, 6, 38),
(11, '2022-07-19', 'Completed', 18, 6, 26),
(12, '2023-01-24', 'Completed', 53, 6, 6),
(13, '2023-01-22', 'Completed', 40, 2, 151),
(14, '2023-06-02', 'Pending', 63, 3, 126),
(15, '2022-12-27', 'Completed', 3, 1, 23),
(16, '2022-09-17', 'Completed', 23, 2, 38),
(17, '2022-11-16', 'Completed', 55, 3, 141),
(18, '2022-10-07', 'Completed', 28, 1, 164),
(19, '2023-06-01', 'Pending', 14, 4, 129),
(20, '2022-06-05', 'Completed', 21, 3, 59),
(21, '2023-05-17', 'Completed', 29, 5, 190),
(22, '2023-06-03', 'Pending', 45, 4, 185),
(23, '2022-09-24', 'Completed', 38, 2, 29),
(24, '2022-07-20', 'Completed', 23, 2, 82),
(25, '2022-08-21', 'Completed', 81, 2, 191),
(26, '2023-05-30', 'Pending', 37, 5, 98),
(27, '2023-03-06', 'Completed', 13, 3, 19),
(28, '2023-05-29', 'Pending', 21, 3, 83),
(29, '2023-04-23', 'On Hold', 67, 3, 131),
(30, '2023-02-24', 'Completed', 85, 3, 108),
(31, '2023-04-16', 'Completed', 57, 2, 106),
(32, '2023-03-30', 'Completed', 18, 6, 89),
(33, '2022-09-07', 'Completed', 39, 3, 75),
(34, '2022-07-31', 'Completed', 89, 3, 93),
(35, '2022-10-03', 'Completed', 29, 5, 120),
(36, '2022-06-23', 'On Hold', 79, 3, 188),
(37, '2022-10-06', 'Completed', 50, 5, 85),
(38, '2022-06-24', 'Completed', 29, 5, 139),
(39, '2023-04-05', 'Completed', 15, 2, 38),
(40, '2022-09-03', 'Completed', 89, 3, 7),
(41, '2022-11-15', 'Completed', 51, 6, 178),
(42, '2023-05-04', 'Completed', 57, 2, 58),
(43, '2023-05-30', 'Pending', 64, 1, 69),
(44, '2022-12-25', 'Completed', 37, 5, 75),
(45, '2022-09-23', 'Completed', 29, 5, 94),
(46, '2023-02-15', 'Completed', 39, 3, 108),
(47, '2023-01-10', 'Completed', 51, 6, 29),
(48, '2023-05-31', 'Pending', 30, 3, 26),
(49, '2023-06-04', 'Pending', 50, 5, 16),
(50, '2023-06-01', 'Pending', 4, 6, 50),
(51, '2022-11-21', 'Completed', 19, 4, 53),
(52, '2022-09-26', 'Completed', 36, 2, 107),
(53, '2023-06-02', 'Pending', 3, 1, 191),
(54, '2023-05-30', 'Pending', 73, 6, 104),
(55, '2023-03-06', 'Completed', 77, 1, 198),
(56, '2023-04-22', 'Completed', 13, 3, 152),
(57, '2022-09-16', 'Completed', 79, 3, 150),
(58, '2023-03-13', 'Completed', 77, 1, 142),
(59, '2023-05-31', 'Pending', 55, 3, 73),
(60, '2022-09-17', 'Completed', 68, 6, 84),
(61, '2022-06-08', 'Completed', 26, 4, 156),
(62, '2023-03-12', 'Completed', 30, 3, 48),
(63, '2022-10-16', 'On Hold', 16, 4, 131),
(64, '2022-11-24', 'Completed', 67, 3, 141),
(65, '2023-05-30', 'Pending', 44, 3, 97),
(66, '2022-07-26', 'Completed', 68, 6, 191),
(67, '2022-08-11', 'Completed', 61, 3, 197),
(68, '2022-11-14', 'Completed', 45, 4, 123),
(69, '2023-05-08', 'Completed', 87, 2, 38),
(70, '2023-05-31', 'On Hold', 36, 2, 188),
(71, '2022-08-29', 'Completed', 84, 2, 121),
(72, '2023-05-29', 'Pending', 26, 4, 165),
(73, '2023-01-21', 'On Hold', 27, 5, 109),
(74, '2023-06-04', 'Pending', 56, 6, 192),
(75, '2022-09-12', 'Completed', 60, 2, 179),
(76, '2022-08-18', 'Completed', 11, 4, 5),
(77, '2023-05-13', 'Completed', 26, 4, 76),
(78, '2023-04-22', 'Completed', 3, 1, 139),
(79, '2023-05-31', 'Pending', 46, 1, 40),
(80, '2022-08-17', 'Completed', 89, 3, 10);

--
-- Άδειασμα δεδομένων του πίνακα `review`
--

INSERT INTO `review` (`Review_ID`, `Text`, `Rating`, `Approved`, `User_ID`, `LibraryOperator_ID`, `Book_ID`) VALUES
(1, 'Γιάννης, και ο μικρός Αλέξανδρος που, βαλμένος στη γωνιά των σπιτιών του Τσίλερ, κατέβηκε ο.', 5, 1, 56, 6, 132),
(2, 'Είχε ξαναγίνει και άλλοτε. - Και τώρα, ο κύριος Αλέξανδρος να της.', 1, 1, 40, 2, 63),
(3, 'Πώς δεν το είχε συλλογιστεί! Κι επίσης έξαφνα γέμισαν τα.', 3, 1, 53, 6, 125),
(4, 'Γιάννη; ρώτησε η Αλεξάνδρα είχε άλλες έννοιες. Δεν τους πρόσεχε.', 3, 0, 4, 6, 27),
(5, 'Γιάννη, και μεγάλωνε και άπλωνε ολοένα η ανησυχία.', 3, 1, 6, 2, 169),
(6, 'Παναγιά μου! Πού πήγες; αναφώνησε η Αλεξάνδρα. - Όχι! ομολόγησε. Έφυγαν. Μα ο Αντώνης πως.', 3, 1, 38, 2, 121),
(7, 'Παθητικά, λίγο ζαλισμένος από τούμπα και κρότους, κάθουνταν στο χαλασμένο του.', 5, 1, 10, 5, 195),
(8, 'Ντον. Και είπε ο Αλέξανδρος.', 2, 1, 19, 4, 66),
(9, 'Η καλόκαρδη ειρωνεία του θείου και ρώτησε: - Πότε το λάβατε σεις.', 1, 1, 30, 3, 188),
(10, 'Ο Αλέξανδρος.', 4, 1, 7, 2, 157),
(11, 'Κυριακή αυτή να.', 3, 1, 56, 6, 153),
(12, 'Ο Αντώνης ήταν πάλι κατάχλομος. - Ναι, έχεις! Εδώ! είπε η Κλειώ.', 4, 0, 38, 2, 121),
(13, 'Είχαμε πει να σκοτώσει.', 4, 1, 23, 2, 73),
(14, 'Ο Αντώνης.', 2, 1, 49, 6, 130),
(15, 'Πουλουδιά, παρατώντας για.', 2, 1, 47, 4, 54),
(16, 'Αντώνη: - Άιντε! Σου.', 4, 0, 34, 3, 7),
(17, 'Τι τρέχει, Γιώργη; ρώτησε ανήσυχα.', 3, 1, 47, 4, 14),
(18, 'Αυτό ρωτώ κι εγώ! είπε η Πουλουδιά. Και τον.', 3, 1, 9, 2, 2),
(19, 'Όλοι γύρισαν σαστισμένοι. Σκυμμένη εμπρός, σηκώνοντας με απορία τα φρύδια, της είπε: - Τι ψευτιά.', 5, 1, 49, 6, 127),
(20, 'Αλέξανδρος τα θυμωμένα μάτια του.', 3, 1, 28, 1, 164),
(21, 'Αστροπελέκι έπεσε στο ακροατήριο. Και η.', 1, 1, 6, 2, 151),
(22, 'Τελείωσαν, και.', 2, 1, 47, 4, 54),
(23, 'Πουλουδιά. Και ξαφνικά: - Στάσου!.', 4, 1, 56, 6, 132),
(24, 'Άκουε η Αλεξάνδρα, μάταια γυρεύοντας μιαν απάντηση.', 3, 1, 12, 4, 116),
(25, 'Αντώνη, το ξέρεις πως τους.', 1, 1, 23, 2, 73),
(26, 'Στάσου, Βιργινία, να δούμε τότε τι.', 1, 1, 31, 1, 178),
(27, 'Κακό παιδί.', 3, 1, 8, 3, 188),
(28, 'Αλήθεια; έκανε.', 1, 1, 2, 6, 37),
(29, 'Μ\' αυτή τη φορά έσκασε ο Αντώνης. Του κυρίου Μακρονησιώτη η.', 5, 0, 55, 3, 167),
(30, 'Πατήστε το με τα θυμωμένα χέρια της Πουλουδιάς που είχε μαζί του στην αγανάκτηση του, γιατί.', 3, 1, 55, 3, 167),
(31, 'Τότε άρχιζε η καλή ώρα του.', 4, 0, 54, 5, 192),
(32, 'Και τρέχαμε όλοι για χατίρι σου! Κόπηκε.', 5, 1, 29, 5, 190),
(33, 'Στάθηκε η ατμάκατος ορμούσε καταπάνω τους με την ενθύμηση. - Τι θες, Πουλουδιά; Με.', 2, 0, 52, 5, 91),
(34, 'Χαμηλόφωνα, με.', 3, 1, 31, 1, 178),
(35, 'Τα πράματα θα τελείωναν άσχημα, ίσως μ\' επανάσταση. Μα την τράβηξε η βασίλισσα κι εγώ.', 4, 1, 30, 3, 86),
(36, 'Ζωρζή. Τα πράματα άρχισαν να τρέμουν. Πωπώ!... Τι θα.', 5, 0, 30, 3, 188),
(37, 'Αλέξανδρος τι να πεις!.', 2, 1, 49, 6, 130),
(38, 'Κατίνα έχασε το πάσο της. - Βόλους!.', 2, 1, 9, 2, 2),
(39, 'Μ\' αψηφώντας την αδελφή σου; - Όχι.', 2, 1, 42, 3, 47),
(40, 'Αλεξάνδρα, γιατί δε σ\' άκουσα... Ο.', 2, 1, 31, 1, 178),
(41, 'Πώς μπορούσε να λέγει η κερα-Ρήνη!.', 2, 0, 23, 2, 73),
(42, 'Αλεξάνδρα, που τα ξέρει απέξω κι ανακατωτά.', 3, 1, 7, 2, 125),
(43, 'Η πόρτα άνοιξε και το χέρι της θείας! είπε ο.', 2, 1, 8, 3, 188),
(44, 'Θα σου έδινε.', 5, 1, 21, 3, 88),
(45, 'Αλέκος. - Και ύστερα μου είπε.', 1, 1, 5, 5, 118),
(46, 'Πουλουδιάς σήμαινε επικουρία, σήκωσε το κεφάλι της Αλίς.', 2, 0, 2, 6, 170),
(47, 'Και ακολούθησε μάχη άγρια, αλλά σιωπηλή, χωρίς φωνές, με σφιγμένα χείλια.', 5, 0, 38, 2, 26),
(48, 'Και ούτε τίποτε άλλο έχομε εμείς. Η Πουλουδιά όμως λαχταρούσε να.', 2, 1, 56, 6, 153),
(49, 'Πες το συ, έκανε όλο και πιο φρόνιμος.', 4, 0, 30, 3, 188),
(50, 'Αλέξανδρος. - Αμέ τότε; - Έτσι! Δε μ\' αρέσει η θέση.', 2, 0, 55, 3, 53),
(51, 'Το είδε η θεία.', 5, 1, 19, 4, 66),
(52, 'Και χαρούμενη, συγκινημένη κι εκείνη, κάθισε στον καναπέ, του έβρεξε.', 3, 1, 35, 1, 32),
(53, 'Τρελαντώνης μας... Η Αφροδίτη χλόμιασε. Με το.', 3, 1, 42, 3, 47),
(54, 'Φαίνονται πολύ άσχημα τα ρούχα του κιτρινιασμένα και ασιδέρωτα, αλλού ζαρωμένα και.', 5, 1, 34, 3, 7),
(55, 'Και ποια είσαι συ που θα κάνει.', 5, 1, 49, 6, 130),
(56, 'Ούτε καπετάνιος δε.', 2, 1, 29, 5, 49),
(57, 'Με αδιαφορία σήκωσε ο Μπαρμπαγιάννης Κανατάς! Αντί.', 1, 1, 3, 1, 187),
(58, 'Αφροδίτη κι έκαναν να τον δώσει του αδελφού του. Τι χάλια! Ένας.', 5, 1, 42, 3, 47),
(59, 'Χαλιμάς. - Γι\' αυτό είπε ο Στάμος να δοκιμάσομε όλοι παπούτσια, δε θυμάσαι;... - Λες ανοησίες!.', 2, 1, 40, 2, 63),
(60, 'Κι έτσι έφτιασε στρατούς και.', 4, 1, 31, 1, 178),
(61, 'Και η Αφροδίτη είχε πει τίποτα, θεώρησε σωστό να λάβει μέρος κι.', 2, 1, 9, 2, 168),
(62, 'Πουλουδιά. - Λοιπόν σας είδαν κι εκείνοι! Και μήνυσε η βασίλισσα.', 5, 1, 49, 6, 130),
(63, 'Και όσο περισσότερο ντρέπουνταν, τόσο πιο ακατάδεχτος.', 4, 1, 7, 2, 160),
(64, 'Καινούρια.', 1, 1, 15, 2, 104),
(65, 'Μ\' αυτήν, τώρα.', 1, 1, 5, 5, 9),
(66, 'Τι έκανες! φώναξε ο Αντώνης. - Θυμωμένη λέει.', 4, 1, 35, 1, 184),
(67, 'Πουλουδιά. - Πείτε το μαζί, είπε η θεία και.', 5, 1, 9, 2, 2),
(68, 'Ψέματα στο σπίτι και αυλή δικά τους, να.', 4, 0, 59, 5, 195),
(69, 'Ρωσίδας κυρίας της Τιμής, που.', 4, 1, 22, 1, 23),
(70, 'Αντώνη, χωρίς ν\' απαντήσει, δίπλωνε τους ώμους και.', 1, 0, 13, 3, 13),
(71, 'Επίσης χαμηλόφωνα, πνιγμένα, της αποκρίθηκε η.', 4, 1, 6, 2, 109),
(72, 'Αλέξανδρος.', 3, 1, 38, 2, 121),
(73, 'Και αν δεν τον προφθάσει ο Αντώνης. Και το χειρότερο για τη χαρά που.', 2, 1, 12, 4, 116),
(74, 'Και πέρα άλλο βουνό δεν.', 3, 1, 28, 1, 164),
(75, 'Ο Αλέξανδρος δεν το βγάζεις, κουτή; της φώναξε ο Αλέξανδρος έναν έναν.', 1, 0, 13, 3, 13),
(76, 'Και πού βρήκες την άρνικα; - Στην.', 2, 0, 35, 1, 13),
(77, 'Τι έχει το χέρι της έτσι. «Λεμόνι... λεμόνι...» πρόφθασε και είπε η Αφροδίτη.', 5, 1, 29, 5, 49),
(78, 'Ο Αντώνης σηκώθηκε και.', 5, 1, 49, 6, 127),
(79, 'Αλεξάνδρα που εξακολουθούσε να πηδά γύρω της μια γοργή ματιά στα τρία.', 1, 1, 34, 3, 150),
(80, 'Ο Αντώνης τους είπε με αθυμία. Ως απάντηση, ο Αντώνης την πόρτα, βγήκε στη βεράντα να μπει.', 1, 1, 9, 2, 3),
(81, 'Έφθασαν στα σπίτια.', 2, 1, 12, 4, 116),
(82, 'Αντώνη και των.', 2, 1, 29, 5, 180),
(83, 'Αντώνη, άπλωσε το.', 4, 0, 37, 5, 75),
(84, 'Πού; ρώτησαν μαζί.', 1, 1, 30, 3, 86),
(85, 'Καστέλα... Κι έτρεχε για να γελάσει και να βγει έξω, να.', 4, 1, 47, 4, 14),
(86, 'Κι ενώ το συζητούσαν, ήλθε στο τραπέζι και βγήκε μαζί του, παρασέρνοντας στην ορμή της και στο.', 1, 1, 8, 3, 129),
(87, 'Η θεία. είπε: «Δε σ\'.', 5, 1, 28, 1, 69),
(88, 'Πουλουδιά. Έβγαλε ο Αντώνης στο δρόμο, αφήνοντας την.', 5, 1, 46, 1, 129),
(89, 'Μα θυμήθηκε η Πουλουδιά και ξεχνούσε πολλά που έκανε ο Αντώνης!.', 4, 0, 36, 2, 140),
(90, 'Και τότε έγινε κάτι περίεργο. Η θεία είναι κιόλα θυμωμένη και η Κλειώ και την τράβηξε προς το.', 5, 1, 6, 2, 169),
(91, 'Τον ήξεραν γλυκό και υπομονετικό, πάντα.', 5, 1, 25, 5, 98),
(92, 'Πουλουδιά. - Εγώ; - Ναι, θα σου το \'πα εγώ; Να ο μπάτης! μουρμούρισε ο Αντώνης βαστούσε, ψηλά.', 3, 1, 29, 5, 190),
(93, 'Κάτι θα \'τυχε. Πες, Γιάννη, πώς έγινε; Και είπε η θεία στην εκκλησία, ύστερα η.', 4, 0, 13, 3, 13),
(94, 'Και τότε η Κλειώ χορευτά και φωναχτά να του βάλει φρέσκο επίδεσμο στο.', 5, 1, 56, 6, 153),
(95, 'Γιατί είχε ακούσει κι ένα παστρικό κουρελάκι. - Στάσου, Αντώνη.', 4, 1, 44, 3, 25),
(96, 'Τίποτα ωστόσο δεν της αρέσει η θέση της!» Και η Αλεξάνδρα, άλλο.', 2, 1, 29, 5, 190),
(97, 'Αλέξανδρο. Τα γειτονοπούλα αυτά ήρχουνταν στην αυλή μας.', 5, 1, 5, 5, 9),
(98, 'Ο Αντώνης όμως δεν είχε φαντασθεί ως εκείνη την ώρα να τις φάγει. Μα.', 4, 1, 22, 1, 45),
(99, 'Αντώνη! Δείτε, κύριε γιατρέ! είπε πολύ.', 2, 1, 58, 5, 194),
(100, 'Κι ενώ στέκουνταν.', 1, 0, 43, 4, 109),
(101, 'Αντώνη. - Αισθάνεσαι καλύτερα; ρώτησε. - Μάλιστα, είπε ο.', 1, 1, 29, 5, 190),
(102, 'Πάμε στο σπίτι... Κάνατε πο... πολύ.', 4, 1, 35, 1, 32),
(103, 'Ο Αντώνης κοκκίνισε. - Δε με μέλει που τρυπήθηκα, είπε, μόνο που θα δέσποζε και μελτέμι.', 3, 1, 41, 3, 14),
(104, 'Αλεξάνδρα. - Δεν καταλαβαίνειθθθ τίποτα! Να, πώθθθ κάνουν εκθετάθθθειθ θτο.', 2, 1, 86, 3, 147),
(105, 'Αντώνης: - Σου λέγω πως έσπασαν όλα! Και είπε η Πουλουδιά, και τον.', 3, 1, 41, 3, 14),
(106, 'Το ξέρω. Μιλήσαμε μαζί... δηλαδή... έκανε ο Γιάννης, και ο στρατηγός! Έλα, Αλέξανδρε!.', 2, 1, 29, 5, 180),
(107, 'Και ύστερα ήθελες να πεις πριν για τη χαρά της. Η Αλεξάνδρα.', 2, 1, 34, 3, 7),
(108, 'Μαξ. Ειδεμή μόνο με.', 5, 1, 32, 3, 185),
(109, 'Κηφισιά, να μας πάρει! Ευθύς σταμάτησε τις φωνές των κοριτσιών κι.', 1, 1, 37, 5, 75),
(110, 'Και αλήθεια είχε αρχίσει άσχημα η σημερινή μας.', 2, 1, 71, 3, 141),
(111, 'Δε θα κάνετε ποτέ σας τίποτα! Και χάβετε ό,τι κολοκύθια σας.', 3, 1, 63, 3, 131),
(112, 'Αλίς: - Καλά, δεν.', 4, 1, 56, 6, 132),
(113, 'Αντώνης του αδελφού.', 2, 1, 29, 5, 180),
(114, 'Αντώνης. - Και τι.', 1, 1, 36, 2, 140),
(115, 'Κηφισιά... - Πού πήγε πάλι.', 3, 1, 9, 2, 168),
(116, 'Αλεξάνδρα, γιατί δε.', 4, 1, 29, 5, 90),
(117, 'Μα λες και μίκρεψαν, ζάρωσαν, ήθελαν να.', 4, 1, 61, 3, 152),
(118, 'Η πόρτα άνοιξε και το κιτρινοφορεμένο στρογγυλό κορμί της θείας Μαριέτας κι έπαιζαν στο ίδιο.', 3, 1, 25, 5, 39),
(119, 'Τι είπε ο Αλέξανδρος. Οι φωνές ολοένα ανέβαιναν.', 3, 1, 74, 5, 98),
(120, 'Και αύριο, Κυριακή, θα μηνύσομε της Αλίς.', 4, 1, 89, 3, 37),
(121, 'Αντώνη, Τρελαντώνη.', 4, 1, 75, 1, 49),
(122, 'Πουλουδιά στάθηκε, την καλοκοίταξε και, πιάνοντας τον από τους ώμους του. - Τι; ρώτησε η.', 1, 1, 30, 3, 188),
(123, 'Αντώνης είχε σκύψει και, ανακούρκουδα, γοργά, χώριζε τα ξερά φύλλα, είπε ο.', 3, 1, 8, 3, 188),
(124, 'Και να πει τι λέγει ο παπα-Δημήτρης, βεβαίωσε φωναχτά, από πίσω από τον πολυέλαιο της εκκλησίας.', 1, 1, 34, 3, 126),
(125, 'Αφού μας έδωσαν την Κέρκυρα; Έλα τώρα! Πού είναι η μις Ράις; Σήκωσε.', 1, 1, 6, 2, 169),
(126, 'Μα, περνώντας από την ατμάκατο που σα σαΐτα.', 2, 1, 70, 2, 157),
(127, 'Αλίς, πότε εμπρός στην Αλίς, πότε εμπρός στους.', 1, 1, 22, 1, 23),
(128, 'Δεν πρέπει! του είπε.', 3, 1, 38, 2, 119),
(129, 'Έλα να δω! - Δεν ήταν! επέμεινε και η Κλειώ στης Ρωσίδας.', 3, 1, 54, 5, 192),
(130, 'Έσκυψε ο Αντώνης και θαύμαζε. Ποτέ δεν είχε τυλίξει το.', 2, 1, 63, 3, 131),
(131, 'Κάτσε ήσυχος, Αλέκο, κάτσε στο βάθος μια στέρνα μαρμαρένια για νερό. Η Αλεξάνδρα.', 3, 1, 49, 6, 127),
(132, 'Αντώνης. Σα να \'πεσε κεραυνός στην αυλή. Να βρουν την Αφροδίτη.', 2, 1, 52, 5, 91),
(133, 'Αλέξανδρος, καθισμένος στο σπουδαστήριο των αδελφών του, ολόκληρη η τσούρμα τον.', 2, 1, 32, 3, 185),
(134, 'Κι εδήλωσαν της.', 5, 1, 3, 1, 162),
(135, 'Να έχεις έννοια, σαν περάσει τ\'.', 1, 1, 25, 5, 98),
(136, 'Πωπώ!... Τι θα πει; ρώτησε ο Αντώνης.', 3, 1, 74, 5, 98),
(137, 'Ήταν πολύ θυμωμένη, αληθινός μπαμπούλας! Κι έλεγε ο Αντώνης. Έξω φρενών κλότσησε.', 4, 1, 82, 3, 43),
(138, 'Να ο μπάτης!.', 2, 1, 39, 3, 78),
(139, 'Πεντέλη. Πας με το πόδι.', 4, 1, 82, 3, 73),
(140, 'Φουρκισμένη πήγε κείνη στο.', 3, 1, 25, 5, 98),
(141, 'Μπαρμπαγιάννης Κανατάς και... - Και.', 1, 1, 22, 1, 162),
(142, 'Μαριέτας, και πνίγηκε σε.', 5, 1, 52, 5, 91),
(143, 'Δεν είναι αλήθεια πως δεν είσαι Εβραία! Η Αλίς Χορν.', 4, 1, 41, 3, 90),
(144, 'Δηλαδή το.', 4, 1, 11, 4, 63),
(145, 'Αλέξανδρος, σαν κορίτσι, έκοβε κυρίες από παλιά.', 3, 1, 76, 2, 124),
(146, 'Και γονατιστός πλάγι στην.', 4, 1, 67, 3, 174),
(147, 'Μαριόρα και τον.', 2, 1, 84, 2, 180),
(148, 'Εβραία και πως τα παιδιά και τα μάτια του, που ήταν, ποιος πολύ ποιος λίγο.', 2, 1, 13, 3, 147),
(149, 'Πουλουδιάς πως άλλαξε έννοια η λέξη κατελυτήρι κι έγινε.', 1, 1, 10, 5, 195),
(150, 'Γιατί; ο ενθουσιασμός της Κλειώς και της ξεφεύγει ο Αντώνης.', 2, 1, 55, 3, 167);

--
-- Άδειασμα δεδομένων του πίνακα `school`
--

INSERT INTO `school` (`School_ID`, `Name`, `Address`, `City`, `Email`, `Phone_Number`, `Director_Fullname`, `Admin_ID`) VALUES
(1, '16ο Γενικό Λύκειο Αθηνών', 'Λεωφόρος Ευταξίας, 555-209', 'Αθήνα', '16οΓενικόΛύκειοΑθηνών@outlook.com', '2977100324', 'Ιππολύτη Γεννήτη', 1),
(2, '5ο Γυμνάσιο Θεσσαλονίκης', 'Όδος Βιτάλη, 9-5', 'Θεσσαλονίκη', '5οΓυμνάσιοΘεσσαλονίκης@hotmail.com', '2930900140', 'Λύσανδρος Νικολαΐδης', 1),
(3, '13ο Γενικό Λύκειο Πειραιά', 'Όδος Παπαϊωάννου, 24', 'Πειραιάς', '13οΓενικόΛύκειοΠειραιά@hotmail.com', '2830214180', 'Αποστολία Βούλγαρης', 1),
(4, '4ο Δημοτικό Σχολείο Ηρακλείου', 'Λεωφόρος Κοκκίνου, 5-6', 'Ηράκλειο', '4οΔημοτικόΣχολείοΗρακλείου@gmail.com', '2622810582', 'Βαρβάρα Οικονομοπούλου', 1),
(5, '9ο Γυμνάσιο Πάτρας', 'Όδος Γεωργίβαλου, 6-2', 'Πάτρα', '9οΓυμνάσιοΠάτρας@icloud.com', '2875052762', 'Όθων Γιακουμή', 1),
(6, '2ο Επαγγελματικό Λύκειο Λάρισας', 'Όδος Αναστασίου, 8-7', 'Λάρισα', '2οΕπαγγελματικόΛύκειοΛάρισας@gmail.com', '2662950645', 'Αθηνοδώρα Παπαϊωάννου', 1);

--
-- Άδειασμα δεδομένων του πίνακα `user`
--

INSERT INTO `user` (`User_ID`, `Username`, `Password`, `First_Name`, `Last_Name`, `Age`, `Role`, `Approved`, `School_ID`, `LibraryOperator_ID`) VALUES
(1, 'skoyteri.afentra', 'sf\"rwvWC\\0^y\\`+y#', 'Δαμιανή', 'Κωστόπουλος', 14, 'Student', 1, 3, 5),
(2, 'nikiforos09', 'YxN).=\'mL,etXC', 'Κωνσταντίνα', 'Λούλης', 18, 'Student', 1, 5, 6),
(3, 'georgioy.rallia', '8l2geLA:.J8jq', 'Ιακωβίνα', 'Αλαφούζος', 12, 'Student', 1, 2, 1),
(4, 'kantopoyloy.polyxronios', '9dy\\)H4He\\wZ', 'Βαρσάμος', 'Ξένος', 18, 'Student', 1, 5, 6),
(5, 'logotetis.geogiadoy', '(][aS\"AKXhT8n3U', 'Εριέτα', 'Αντωνοπούλου', 16, 'Student', 1, 3, 5),
(6, 'iakobina.didaskaloy', ';Xa]=CXXw3\"o<|', 'Καλλιόπη', 'Ανδρέου', 16, 'Student', 1, 4, 2),
(7, 'antimos.papadakis', 'VEcs\"9=', 'Αντωνία', 'Γεωγιάδου', 17, 'Student', 1, 4, 2),
(8, 'zkantopoylos', 'V[76srAgWgo%U^', 'Διονύσιος', 'Πανταζής', 17, 'Student', 1, 1, 3),
(9, 'klaskari', '.z*9u-bHM&y7%&=VMs', 'Ευδόξιος', 'Γαλάνης', 14, 'Student', 1, 4, 2),
(10, 'platon35', 'k2C]LnLijw', 'Λαέρτης', 'Ξανθοπούλου', 16, 'Student', 1, 3, 5),
(11, 'komnini92', 't$vj.GYrenhP|&m!O+;f', 'Λυκούργος', 'Λάσκαρη', 18, 'Student', 1, 6, 4),
(12, 'prakitelis15', '_ZH>?b6:]Y)i:x<Lz(', 'Στέφανος', 'Βιτάλη', 13, 'Student', 1, 6, 4),
(13, 'alebizos.marios', 'a8tjQHL2>zW+M<@h', 'Προδρομία', 'Λασκαρού', 13, 'Student', 1, 1, 3),
(14, 'triseygeni.papafilippoy', 'J<~>YAHdW`r.k@Qw/3', 'Αγαπητός', 'Θεοδωρίδου', 12, 'Student', 1, 6, 4),
(15, 'brasidas.teotokoy', '@8s11\'X%]R', 'Λουκάς', 'Αλεξάνδρου', 17, 'Student', 1, 4, 2),
(16, 'markopoylos.akritas', '<()b$cgXH<J.P~kD', 'Σαμουήλ', 'Φωτόπουλος', 17, 'Student', 1, 6, 4),
(17, 'makri.ioyliani', 'is@+Y<.egj', 'Ελισάβετ', 'Καπετανάκη', 15, 'Student', 1, 2, 1),
(18, 'barsamos.papadopoylos', '{9&mZWJ2%9', 'Πάρις', 'Κεδίκογλου', 18, 'Student', 1, 5, 6),
(19, 'damaskinos71', 'mffB11S=}*>8pYkh<;', 'Σμαράγδα', 'Κωνσταντίνου', 14, 'Student', 1, 6, 4),
(20, 'kxatziioannoy', 'PD\\rkg6n_e<\'VOv', 'Ιφιγένεια', 'Σπανού', 14, 'Student', 1, 1, 3),
(21, 'jaggelidis', 'H0MhamC_RUf\'n365z<', 'Αρχιμήδης', 'Τριανταφυλλίδου', 12, 'Student', 1, 1, 3),
(22, 'areti.xatziioannoy', 'S<lN-ulT;3j7~>9I', 'Θεμιστοκλής', 'Παπανικολάου', 18, 'Student', 1, 2, 1),
(23, 'skonstantinidis', 'oP(~_UK`L\'kCsI^R', 'Συμεών', 'Ανυφαντή', 12, 'Student', 1, 4, 2),
(24, 'kypraios.xrysafenia', 'V`A]^n', 'Ανδρόνικος', 'Μάκρη', 13, 'Student', 1, 3, 5),
(25, 'marinos64', 'JgKtCbh', 'Ιωακείμ', 'Γάσπαρη', 12, 'Student', 1, 3, 5),
(26, 'galani.bladimiros', 'E&+RR~-aL', 'Κωνσταντίνος', 'Οικονομίδου', 15, 'Student', 1, 6, 4),
(27, 'leonidas.panagiotidis', 'K0g\"z2ul', 'Λητώ', 'Παπακώστας', 12, 'Student', 1, 3, 5),
(28, 'makri.nikon', 'g5O8?q%NPnbmQGws.rd', 'Γαβριέλλα', 'Μοραΐτη', 14, 'Student', 1, 2, 1),
(29, 'georgibaloy.ippokratis', '|^b~`v8s}V[Jy8_&7fn]', 'Ευάγγελος', 'Αργυρού', 13, 'Student', 1, 3, 5),
(30, 'odysseas.zaxariadis', '0d#BZL[$\"\\0l\\t`)RZ', 'Πολυχρόνιος', 'Κωστόπουλος', 15, 'Student', 1, 1, 3),
(31, 'paysanias81', 'c_,5k5P%,\\', 'Ερρίκος', 'Μυλωνά', 14, 'Student', 1, 2, 1),
(32, 'dtriantafyllidoy', '2L2|jIy:', 'Νεκταρία', 'Αναγνώστου', 13, 'Student', 1, 1, 3),
(33, 'sotiria.bitali', '|6=*M_-', 'Ιγνατία', 'Ανυφαντή', 17, 'Student', 1, 6, 4),
(34, 'antypas.alebizos', 'Bf=&KTiVJs7UlqO&', 'Λάμπρος', 'Σταματιάδης', 17, 'Student', 1, 1, 3),
(35, 'iordania33', 'taAc$_P@HCtt9H8KPR', 'Αλεξία', 'Μάκρη', 15, 'Student', 1, 2, 1),
(36, 'jgrigoriadoy', '{*?7W!4(V6', 'Ευλαμπία', 'Ελευθερίου', 18, 'Student', 1, 4, 2),
(37, 'germanos.dorotea', '~M|+=6$', 'Αποστολία', 'Καραβίας', 17, 'Student', 1, 3, 5),
(38, 'mayrikios.trikoypis', 'Zv`_(m+$c-@', 'Φωτεινός', 'Γεωργίου', 12, 'Student', 1, 4, 2),
(39, 'doroteos10', '=)Yj=o{d\\4~CSqCU{~C\'', 'Αγαμέμνων', 'Αντωνοπούλου', 13, 'Student', 1, 1, 3),
(40, 'mayrlidis.isaias', ';>p.$]%aF]-_Rb', 'Χρυσόστομος', 'Δημητριάδης', 12, 'Student', 1, 4, 2),
(41, 'beronika83', 'uA\"l\\rm#Xi/', 'Θεοδοσία', 'Ευθυμιάδου', 13, 'Student', 1, 1, 3),
(42, 'ttrikoypi', '\\gmm/66YC)wDEr7\'|Hv3', 'Δανιήλ', 'Αλαφούζος', 18, 'Student', 1, 1, 3),
(43, 'uoikonomoy', 'T]Nv}V\\7EBJr[H!k', 'Χαρίλαος', 'Μπόγρη', 17, 'Student', 1, 6, 4),
(44, 'oanagnostoy', 't[iBHdil<>P#/w01@1{C', 'Όμηρος', 'Μάκρη', 17, 'Student', 1, 1, 3),
(45, 'androklis76', 'hW52;MO(+o', 'Αριστοτέλης', 'Καρσιβάνη', 14, 'Student', 1, 6, 4),
(46, 'apostolia.teodoridoy', 'T~J#5hvd,SZFn3Bi9zx', 'Ισιδώρα', 'Νικολάκος', 14, 'Student', 1, 2, 1),
(47, 'pkantopoyloy', '$`Ov@7K\'cELR&t', 'Φιλίππα', 'Κυριακοπούλου', 14, 'Student', 1, 6, 4),
(48, 'qtokatlidis', '?ej!ng9H6$mM', 'Ευσέβιος', 'Παπάγος', 15, 'Student', 1, 6, 4),
(49, 'sklaboynos.epameinondas', '-ZM-nn', 'Ελπίς', 'Βούλγαρης', 14, 'Student', 1, 5, 6),
(50, 'loykianos.apostolopoylos', '4q,h-m0udi7H', 'Φραντζέσκα', 'Ξένος', 17, 'Student', 1, 3, 5),
(51, 'fpapakiriskoy', 'g;jqQ2Rrn;OfHgw)W', 'Παρασκευάς', 'Κορωναίος', 17, 'Student', 1, 5, 6),
(52, 'teopistos.fotiadoy', 'G@R4^k4`/(MAr\\G', 'Ιωακείμ', 'Ελευθεριάδης', 12, 'Student', 1, 3, 5),
(53, 'epistimi.giannopoylos', 'ZxSjgG\'I$DOe<0V', 'Αυγή', 'Παπαδόπουλος', 15, 'Student', 1, 5, 6),
(54, 'xalekandroy', '[$oV*VB:$_}<RIjT', 'Αλίκη', 'Κορωναίος', 15, 'Student', 1, 3, 5),
(55, 'alekandroy.fanoyrios', 'KzBtGtq', 'Σαλώμη', 'Αγγελίδου', 12, 'Student', 1, 1, 3),
(56, 'artemis08', '>7HY]9.ssvb', 'Μίνωας', 'Σταυρόπουλος', 14, 'Student', 1, 5, 6),
(57, 'makri.pytagoras', '^TeY/3Ss|+E=(R', 'Βησσαρίων', 'Γεωγιάδου', 18, 'Student', 1, 4, 2),
(58, 'papadopoyloy.ioakeim', '^CS$jG.Xv|', 'Κυριακή', 'Ανυφαντή', 16, 'Student', 1, 3, 5),
(59, 'teodoroy.ion', 'rF?8prljVEbMx', 'Ραφαήλ', 'Αντωνόπουλος', 17, 'Student', 1, 3, 5),
(60, 'kyriakos89', ')g(Kamc7S8GCSAANvr', 'Βασίλης', 'Σελινά', 14, 'Student', 1, 4, 2),
(61, 'apapakonstantinoy', '&F_u},\'RT#/Lb6', 'Αριστόβουλος', 'Κωστόπουλος', 28, 'Teacher', 1, 1, 3),
(62, 'loylis.andromaxi', '~AKUK1', 'Ηλίας', 'Σταματιάδης', 69, 'Teacher', 1, 2, 1),
(63, 'xristopoylos.kalypo', 'ZQ9\\1~{l;', 'Κομνηνός', 'Θεοδωρίδου', 29, 'Teacher', 1, 1, 3),
(64, 'selina.fotios', '\"{7U9BK#', 'Κοσμάς', 'Αναστασίου', 41, 'Teacher', 1, 2, 1),
(65, 'pyrros.stamatiadis', 'YO:#oqSj;[', 'Μενέλαος', 'Γερμανού', 65, 'Teacher', 1, 1, 3),
(66, 'elli.kantopoyloy', 'YMKpVWT', 'Μακρίνα', 'Αγγελοπούλου', 61, 'Teacher', 1, 3, 5),
(67, 'frantzeska55', 'bLvVL)`\"!Tjh\'[', 'Λεμονής', 'Δουρέντης', 56, 'Teacher', 1, 1, 3),
(68, 'ykoliatsos', 'a)S)8GG(kI(OovmrFZ', 'Νίκων', 'Καπνού', 60, 'Teacher', 1, 5, 6),
(69, 'uteodoroy', '0;yvaCDn8Q#S-\"', 'Αγγελική', 'Οικονομοπούλου', 70, 'Teacher', 1, 6, 4),
(70, 'xeystatiadis', 'fns2U&%68', 'Ρόζα', 'Γεωγιάδου', 33, 'Teacher', 1, 4, 2),
(71, 'prodromos.oikonomoy', '_+:_{^Pv\\OVt3', 'Μαγδαληνή', 'Φωτόπουλος', 64, 'Teacher', 1, 1, 3),
(72, 'ratanasiadis', ',Pv0PHDj%', 'Υακίνθη', 'Ταμτάκος', 29, 'Teacher', 1, 3, 5),
(73, 'dionysios.giagkos', 'OF9lirn@u`8', 'Πολύβιος', 'Γεωγιάδου', 62, 'Teacher', 1, 5, 6),
(74, 'rmpogri', 'I}1d1LSE)&F;@<[UPWY;', 'Ευστράτιος', 'Φοσκιά', 58, 'Teacher', 1, 3, 5),
(75, 'maria60', 'rW-4tjjxN1i~', 'Ηράκλεια', 'Οικονομοπούλου', 40, 'Teacher', 1, 2, 1),
(76, 'zbarimpompi', 'uNGk+(', 'Συμεωνία', 'Παπαϊωάννου', 32, 'Teacher', 1, 4, 2),
(77, 'genniti.krystallis', '1ZQew~GY^', 'Κασσιανή', 'Σακελλάρης', 59, 'Teacher', 1, 2, 1),
(78, 'bartolomaios33', 'pK-Rp*z^\"pHTzu>.', 'Πίνδαρος', 'Αναστασίου', 26, 'Teacher', 1, 3, 5),
(79, 'qaggelopoyloy', 'ek*}FkS9|G1b', 'Βενιζέλος', 'Σακελλάρης', 31, 'Teacher', 1, 1, 3),
(80, 'temis.eytymiadoy', 'euev5U$ia\'', 'Γεώργιος', 'Ζαχαριάδης', 61, 'Teacher', 1, 1, 3),
(81, 'triantafyllidoy.georgios', 'vg\\PV-,I>\"$', 'Ελευθέριος', 'Αγγελίδου', 53, 'Teacher', 1, 4, 2),
(82, 'moraiti.andromeda', '7@[*B@a!aaZJ$XKD', 'Δαμιανός', 'Ιωαννίδης', 40, 'Teacher', 1, 1, 3),
(83, 'zpanagiotidis', 'Ki#)tO', 'Αδαμάντιος', 'Θεοδωροπούλου', 69, 'Teacher', 1, 5, 6),
(84, 'royssos.manto', 'Jc,j^7x\"}6Jh!p7?2z', 'Ιωσήφ', 'Τριανταφυλλίδου', 66, 'Teacher', 1, 4, 2),
(85, 'beniamin.kapetanaki', '$V4\'mH&3JxtPqY', 'Μιλτιάδης', 'Χριστόπουλος', 53, 'Teacher', 1, 1, 3),
(86, 'eystatiadis.aidona', 'lgJi:\"Ca*9', 'Χριστόδουλος', 'Ρόκας', 25, 'Teacher', 1, 1, 3),
(87, 'ambrosios53', '),\\un/)x>C9$`a(F.82', 'Κλεάνθης', 'Σταυρόπουλος', 46, 'Teacher', 1, 4, 2),
(88, 'spapagos', 'W->o3iC{^', 'Πασχάλης', 'Βέργας', 38, 'Teacher', 1, 3, 5),
(89, 'keni92', 'k,c^1mou}+fBfuIp', 'Ξανθίππη', 'Αγγελόπουλος', 45, 'Teacher', 1, 1, 3),
(90, 'triantafylli13', ')s)c{g9#$ag=^-', 'Αγαμέμνων', 'Παπαφιλίππου', 26, 'Teacher', 1, 1, 3),
(91, 'isabella99', '%V5[m#nd.', 'Πολυξένη', 'Σακελλάρης', 12, 'Student', 0, 3, 5),
(92, 'tatiana.antonopoyloy', 'Myx9u\\p|\"', 'Πανταζής', 'Αλεξάνδρου', 18, 'Student', 0, 6, 4),
(93, 'spapanikolaoy', '!J$ez=HF\\2PBxP02F?', 'Αγησίλαος', 'Παπαγεωργίου', 18, 'Student', 0, 4, 2),
(94, 'tandreoy', '5aHR!h\\9,4i1+~\"(.^', 'Ανδρομέδα', 'Γεννήτη', 12, 'Student', 0, 5, 6),
(95, 'rallia.mpogri', ':SO~5r\"SZr3_w)~R*9@', 'Ελένη', 'Βασιλείου', 15, 'Student', 0, 1, 3),
(96, 'doroteos62', '\"1hQ}s1&_6', 'Φραντζέσκα', 'Μυλωνά', 14, 'Student', 0, 1, 3),
(97, 'ndimitriadoy', 'r|\"\'-bKzHi\"0P7h`', 'Ελπίς', 'Αντωνοπούλου', 15, 'Student', 0, 3, 5),
(98, 'talassini.karabias', '.Jz.3TMt$q[p7Ho', 'Στέργιος', 'Λάσκαρη', 17, 'Student', 0, 6, 4),
(99, 'bbarimpompi', '%:WCqLQiZ9bi`u|', 'Φοίβη', 'Σακελλαρίου', 13, 'Student', 0, 2, 1),
(100, 'sselina', 'm4{hJR$|0', 'Κυπριανός', 'Παπαδοπούλου', 18, 'Student', 0, 5, 6),
(101, 'zandreadis', '{,,Z1a[jF?IKOlJ`_8.', 'Σαπφώ', 'Γούσιος', 12, 'Student', 0, 3, 5),
(102, 'goysios.tekla', 'ez,jY+lDUU', 'Βιργινία', 'Καραγιάννης', 16, 'Student', 0, 6, 4),
(103, 'pigi.doyrentis', 'SWpcI4<\"@tdQB', 'Ερωτόκριτος', 'Αλιβιζάτος', 18, 'Student', 0, 3, 5),
(104, 'rigoyla50', ';N*UM7{q\"`X#ECLK', 'Άριστος', 'Μαυρλίδης', 17, 'Student', 0, 6, 4),
(105, 'kassiani.geogiadoy', 'kA\"eh\'NZ_}R4j`l9<4c', 'Μαυρίκιος', 'Νικολάκος', 15, 'Student', 0, 1, 3),
(106, 'antypas.nikolaoy', '+s-{c_RZ+3HmyTCZRZ8P', 'Αρχοντία', 'Γερμανός', 18, 'Student', 0, 6, 4),
(107, 'tgiannopoylos', 'etndJ\\v5g1ZZ', 'Έξαρχος', 'Ανδρεάδης', 18, 'Student', 0, 6, 4),
(108, 'hkoliatsos', 'i*\"ecy&NRarI+iu-', 'Αυξέντιος', 'Αποστολόπουλος', 18, 'Student', 0, 1, 3),
(109, 'pantazis.ilias', 'y26;o(`(U', 'Μυρσίνη', 'Παπαμάρκου', 17, 'Student', 0, 3, 5),
(110, 'eystatiadis.antigonos', 'ME~w/=kw7h\\H?f2$', 'Ρέα', 'Ηλιοπούλου', 17, 'Student', 0, 4, 2),
(111, 'maria.kyriakopoyloy', 'Nlsf\"=++S[t-20z', 'Ευάγγελος', 'Κοκκίνου', 12, 'Student', 0, 3, 5),
(112, 'kantopoyloy.kleoboylos', ',Y^CC^f}(', 'Κλεάνθης', 'Ζερβός', 17, 'Student', 0, 5, 6),
(113, 'omakris', ';e*;Y8GT0', 'Ξένη', 'Λασκαρού', 18, 'Student', 0, 6, 4),
(114, 'germanos.xrysoyla', 'u;[):K]RR-M*x*', 'Δίκαιος', 'Αντωνοπούλου', 17, 'Student', 0, 2, 1),
(115, 'ldidaskaloy', 'P996G~={sZOD^6nUN26^', 'Ευθύμιος', 'Δημητριάδου', 13, 'Student', 0, 2, 1),
(116, 'iroyssos', 'MZv\"$2[#\'e%w6]?2KN', 'Χριστόδουλος', 'Γούσιος', 12, 'Student', 0, 6, 4),
(117, 'giannopoylos.ioannis', '\"o$O-/{U[q{', 'Χρυσοβαλάντω', 'Φωτιάδου', 13, 'Student', 0, 6, 4),
(118, 'teotokis.kenos', '9<xQX4iy@)H(tS-/', 'Τσαμπίκος', 'Βιτάλη', 13, 'Student', 0, 4, 2),
(119, 'kokkinos.manto', '#wUw%a9s,^', 'Σωτήριος', 'Λασκαρού', 18, 'Student', 0, 4, 2),
(120, 'daniil.kantopoyloy', 'pN9yv+:', 'Σαράντης', 'Γερμανού', 14, 'Student', 0, 4, 2),
(121, 'baleria90', 'L>*}63C7\\t1g(-}1!', 'Αηδόνα', 'Νικολαΐδης', 38, 'Teacher', 0, 4, 2),
(122, 'koliatsos.rigas', 'M-ayz,F(z#w]E|qmt*>o', 'Σολομών', 'Μπόγρη', 66, 'Teacher', 0, 6, 4),
(123, 'magdalini82', '(]g{qOs,ed;-d/\"GBz', 'Ρέα', 'Παπακιρίσκου', 59, 'Teacher', 0, 6, 4),
(124, 'anargyros.eystatiadis', '#<b4X2H?', 'Βιργινία', 'Γερμανού', 62, 'Teacher', 0, 6, 4),
(125, 'filareti.selina', '7D^NM{bSf9', 'Κυριακή', 'Μανιάκης', 58, 'Teacher', 0, 3, 5),
(126, 'gabriella.grigoriadis', 'fv|R^+,K', 'Βαρθολομαίος', 'Καπετανάκη', 27, 'Teacher', 0, 5, 6),
(127, 'leon.loylis', '}T$F\\\"!N$', 'Χρύσανθος', 'Κρητικός', 66, 'Teacher', 0, 1, 3),
(128, 'oragkos', '7amQV2U\\@%8@k|', 'Γλαύκη', 'Παπακωνσταντίνου', 39, 'Teacher', 0, 3, 5),
(129, 'ikaros.diamantopoylos', 'SMvG%!_@F$1X<d4rDw8', 'Ηρακλής', 'Βιτάλης', 29, 'Teacher', 0, 3, 5),
(130, 'rafail01', '3#_oiQ5AyeY}J>@+oS\"', 'Μένανδρος', 'Σελινά', 25, 'Teacher', 0, 1, 3),
(131, 'panteleimon.eleyteropoylos', '68\\dz9FO', 'Παταπία', 'Ελευθερίου', 44, 'Teacher', 0, 3, 5),
(132, 'mylona.kydonia', 'Z{t1d7y@HO', 'Δανάη', 'Ξένος', 26, 'Teacher', 0, 1, 3),
(133, 'eleyterioy.febronia', 'bq/4PJpBHf1pm@T', 'Μάρκος', 'Ανδρεάδης', 25, 'Teacher', 0, 3, 5),
(134, 'geogiadoy.polybios', 'P$OvocIpVN&uHX', 'Τιμόθεος', 'Φοσκιά', 53, 'Teacher', 0, 5, 6),
(135, 'wkapnoy', 'QGgk%jo=w&Es', 'Φραγκίσκος', 'Γιακουμή', 50, 'Teacher', 0, 2, 1);
COMMIT;

/*!40101 SET CHARACTER_SET_CLIENT=@OLD_CHARACTER_SET_CLIENT */;
/*!40101 SET CHARACTER_SET_RESULTS=@OLD_CHARACTER_SET_RESULTS */;
/*!40101 SET COLLATION_CONNECTION=@OLD_COLLATION_CONNECTION */;
