-- phpMyAdmin SQL Dump
-- version 5.2.1
-- https://www.phpmyadmin.net/
--
-- Εξυπηρετητής: 127.0.0.1
-- Χρόνος δημιουργίας: 04 Ιουν 2023 στις 22:13:53
-- Έκδοση διακομιστή: 10.4.28-MariaDB
-- Έκδοση PHP: 8.2.4

SET SQL_MODE = "NO_AUTO_VALUE_ON_ZERO";
START TRANSACTION;
SET time_zone = "+00:00";


/*!40101 SET @OLD_CHARACTER_SET_CLIENT=@@CHARACTER_SET_CLIENT */;
/*!40101 SET @OLD_CHARACTER_SET_RESULTS=@@CHARACTER_SET_RESULTS */;
/*!40101 SET @OLD_COLLATION_CONNECTION=@@COLLATION_CONNECTION */;
/*!40101 SET NAMES utf8mb4 */;

--
-- Βάση δεδομένων: `school_library`
--
CREATE DATABASE IF NOT EXISTS `school_library` DEFAULT CHARACTER SET utf8mb4 COLLATE utf8mb4_general_ci;
USE `school_library`;

--
-- Άδειασμα δεδομένων του πίνακα `administrator`
--

INSERT INTO `administrator` (`Admin_ID`, `First_Name`, `Last_Name`, `Username`, `Password`, `Age`) VALUES
(1, 'Θεολογία', 'Αναστασίου', 'aspyropoylos', 'KqX5w/gRdF', 50);

--
-- Άδειασμα δεδομένων του πίνακα `author`
--

INSERT INTO `author` (`Author_ID`, `First_Name`, `Last_Name`) VALUES
(1, 'Alberto', 'Tejada'),
(2, 'Giancarlo', 'Vitale'),
(3, 'Devin', 'Barton'),
(4, 'Jamil', 'Kassulke'),
(5, 'Wiebke', 'Bock'),
(6, 'Πολυζώης', 'Θεοτόκου'),
(7, 'Ione', 'Gallo'),
(8, 'Σωφρονία', 'Παππάς'),
(9, 'Véronique', 'Albert'),
(10, 'Antonia', 'Chacón'),
(11, 'Rosa', 'Lerma'),
(12, 'Pablo', 'Carbajal'),
(13, 'Julia', 'Contreras'),
(14, 'Valentina', 'Legros'),
(15, 'Inés', 'De la Torre'),
(16, 'Βαρδής', 'Παπακώστας'),
(17, 'Αναστασία', 'Χαραλαμπίδου'),
(18, 'Marguerite', 'Martin'),
(19, 'Verónica', 'De la Fuente'),
(20, 'François', 'Rousset'),
(21, 'Eustachio', 'Russo'),
(22, 'Αντιγόνη', 'Καπετανάκη'),
(23, 'Édouard', 'Parent'),
(24, 'Ορέστης', 'Αργυρού'),
(25, 'Peer', 'Ullrich'),
(26, 'Gelsomina', 'Rossetti'),
(27, 'Φλώρα', 'Παπακωνσταντίνου'),
(28, 'Lucio', 'D\'Amore'),
(29, 'Eli', 'Bogan'),
(30, 'Δαμασκηνός', 'Μαυρλίδης'),
(31, 'Bernhard', 'Ritter'),
(32, 'Lorena', 'Villar'),
(33, 'Patricia', 'Hebert'),
(34, 'Unai', 'Calero'),
(35, 'Selvaggia', 'Lombardo'),
(36, 'Mario', 'Núñez'),
(37, 'Celeste', 'Villa'),
(38, 'Iván', 'Archuleta'),
(39, 'Dominik', 'Herrmann'),
(40, 'Μακάριος', 'Σωπολιάτη'),
(41, 'Δικαία', 'Ανδρέου'),
(42, 'Τηλέμαχος', 'Θεοδώρου'),
(43, 'Jan', 'Vargas'),
(44, 'Παγώνα', 'Γιαννακοπούλου'),
(45, 'Bernd', 'Adler'),
(46, 'Lawson', 'Kautzer'),
(47, 'Αγλαΐα', 'Χαραλαμπίδου'),
(48, 'Abril', 'Olivera'),
(49, 'Dario', 'Narváez'),
(50, 'Δράκων', 'Ιωαννίδης'),
(51, 'Bernard', 'Berger'),
(52, 'Rosita', 'Langer'),
(53, 'Vincent', 'Frami'),
(54, 'Sara', 'Solorzano'),
(55, 'Jon', 'Armendáriz'),
(56, 'Olivier', 'Masson'),
(57, 'Σμαράγδα', 'Κυπραίος'),
(58, 'Concetta', 'Messina'),
(59, 'Domenic', 'Murazik'),
(60, 'Anouk', 'Peron'),
(61, 'Σάρρα', 'Παππάς'),
(62, 'Raymond', 'Hoareau'),
(63, 'Maristella', 'Ferraro'),
(64, 'Miguel', 'Alva'),
(65, 'Bernard', 'Boyer'),
(66, 'Rosalba', 'Lombardo'),
(67, 'Πολύδωρα', 'Σπανός'),
(68, 'Ernestina', 'Heathcote'),
(69, 'Pacifico', 'Coppola'),
(70, 'Cesidia', 'Gentile'),
(71, 'Jodie', 'Rempel'),
(72, 'Honoré', 'Joseph'),
(73, 'Hugues', 'Marchal'),
(74, 'Oswald', 'Zemlak'),
(75, 'Kristel', 'Carbone'),
(76, 'Ιπποκράτης', 'Χαραλαμπίδης'),
(77, 'Maurice', 'Navarro'),
(78, 'Helga', 'Michels'),
(79, 'Gerard', 'Durgan'),
(80, 'Mathilde', 'Giraud'),
(81, 'Michelle', 'Parent'),
(82, 'Karim', 'Santoro'),
(83, 'Hubert', 'Hoppe'),
(84, 'Hans-Josef', 'Singer'),
(85, 'Quasimodo', 'Cattaneo'),
(86, 'Isaac', 'Will'),
(87, 'Ήλια', 'Γάσπαρη'),
(88, 'Léon', 'Dufour'),
(89, 'Carroll', 'Rosenbaum'),
(90, 'Theodore', 'Schoen'),
(91, 'Élisabeth', 'Laine'),
(92, 'Gabriele', 'Frank'),
(93, 'Aitor', 'Gutiérrez'),
(94, 'Sirio', 'Gallo'),
(95, 'Daniel', 'Deleón'),
(96, 'Carley', 'Sauer'),
(97, 'Jaqueline', 'Wegener'),
(98, 'Nayara', 'Orta'),
(99, 'Albert', 'Zimmermann'),
(100, 'Suzanne', 'Masson');

--
-- Άδειασμα δεδομένων του πίνακα `book`
--

INSERT INTO `book` (`Book_ID`, `Title`, `Publisher`, `ISBN`, `Number_of_pages`, `Summary`, `Available_copies`, `Image`, `Language`, `Keywords`) VALUES
(1, 'Μόνοι σας; Πού είναι τα σκουλαρίκια. - Μα.', 'Galaxia Gutenberg', '9795526658972', 369, 'Ναι, η Μαρούσα πως και ο Αλέξανδρος! - Όχι! Μα πώς βρέθηκες εκεί, κυρ Αντώνη; Η βάρκα σου είναι λίγο μαύρα στις άκρες, τα φύλλα τού είναι απαραίτητα; Ο Αντώνης ρίχθηκε κι εκείνος τα τρία πίσω του, κρυφογελούσε σιωπηλά. - Ναι, πού το ξέρεις πως.', 18, 'https://via.placeholder.com/400x600.png/001199?text=velit', 'German', 'illo, ad, a, ad'),
(2, 'Εγώ τους είδα, και.', 'Ediciones Salamandra', '9787953737894', 409, 'Τέσσερις; Πέντε; Η Πουλουδιά έκανε άλλους δυο πήδους. - Μα πώς το ήξερε ούτε την ένοιαζε. Και είπε ο Αντώνης. - Δεν ξέρω κανένα καλά, αποκρίθηκε. Η Πουλουδιά έμπηξε τα γέλια. Και πιάνοντας το χείλι του ανάμεσα στον αντίχειρα και στο.', 3, 'https://via.placeholder.com/400x600.png/009900?text=sed', 'French', 'unde, ut, impedit, tenetur, est'),
(3, 'Αντώνη και των τριών.', 'Galaxia Gutenberg', '9782705767846', 682, 'Μην πεις! διέταξε σιωπηλά, κρυφοδείχνοντας την Αλίς. Και βέβαια έριξα, κι έφαγα μερικές, μα όχι στο κεφάλι. Και η κερα-Ρήνη λέγει πως θα πήγαινε η Αλεξάνδρα με τον εαυτό της: - Οκτώ. Και συ; - Εννιά, αποκρίθηκε ακατάδεχτα ο Γιάννης. Εκεί που.', 7, 'https://via.placeholder.com/400x600.png/00ff88?text=corrupti', 'French', 'soluta, eum, vero, temporibus, omnis'),
(4, 'Μπράβο! Μπράβο.', 'Εκδόσεις Παπαδόπουλος', '9796881026949', 167, 'Η Πουλουδιά είχε τρέξει στη γωνιά όπου αράδιαζε τα δικά της και, τρεχάτες και οι δυο σας! Πατήστε το με τα όμορφα δάχτυλα.', 17, 'https://via.placeholder.com/400x600.png/00ddee?text=vel', 'English', 'possimus'),
(5, 'Αλέξανδρος, στους καβγάδες, ήταν πάντα κόμμα.', 'Grupo Santillana', '9792122650300', 749, 'Και ο Λεωνίδας;... Μα τη βρήκε ζαρωμένη στη γωνία της. - Γιατί κλαις; τη ρώτησε περιφρονητικά. Ο Αντώνης δε φοβήθηκε! Άκουσε ο Αντώνης το τελειωτικό «Παύσατε πυρ!», που στη γλώσσα της.', 17, 'https://via.placeholder.com/400x600.png/002299?text=consequatur', 'Greek', 'sit, eaque, autem, culpa'),
(6, 'Καλέ, εδώ, λίγο παρακάτω τον βρήκα! Και.', 'Garzanti', '9784207540590', 255, 'Περπατούσε μπρος ο Αντώνης, μαζεμένος πάλι: - Έτσι θ\' αφήσω να μιλάει ένας ξένος στην εξαδέλφη της μες στις δίπλες του είχε χωθεί ένα κομμάτι μασημένη μαστίχα και πλακώθηκε και αυτή την ώρα ο Τρελαντώνης μας... Η Αφροδίτη λέγει πως δεν πρέπει ποτέ να την πιάσω! Ελάτε όλοι! Ούτε.', 16, 'https://via.placeholder.com/400x600.png/004499?text=ut', 'Spanish', 'perferendis, qui, reprehenderit, accusamus'),
(7, 'Πειραιά με το πρόσωπο του και τη φωνή: «Τις.', 'Marsilio Editori', '9792045762371', 469, 'Γιάννη! Ναι, ήταν εύκολο, και η καρδιά του στη θέση της και είπε: - Δε ρώτησα τη μαμά... έκανε. Ο Αντώνης δήλωσε πως αυτό ήταν αδικία.', 6, 'https://via.placeholder.com/400x600.png/0077cc?text=mollitia', 'Spanish', 'nostrum, laborum, accusantium, aliquid, aut'),
(8, 'Πουλουδιάς, και τα.', 'Εκδόσεις Κριτική', '9788133040421', 600, 'Είχαμε πει να μην έφθαναν τα χάλια του, μες στο κουτί τους, ενώ ο Αντώνης πότε δεξιά το τιμόνι και.', 7, 'https://via.placeholder.com/400x600.png/00bb00?text=ad', 'German', 'laborum, non, sunt, aliquid, est'),
(9, 'Αυτή η κερα-Ρήνη! Τι τρομάρα πήρα.', 'Galaxia Gutenberg', '9790176585852', 655, 'Αφροδίτη πετάχθηκε, σήκωσε το τραπέζι της. Ο Αντώνης, που δεν είναι υποκριτής... Και είναι τέτοια βία; Να τρέχεις με το πράσινο.', 1, 'https://via.placeholder.com/400x600.png/0033dd?text=neque', 'Italian', 'repellat, necessitatibus, hic, et, molestias'),
(10, 'Και δεν είναι δυνατόν! Ζωρζή!.', 'Piper Verlag', '9786158558761', 628, 'Η ώρα της μάχης. Και τώρα, για να τ\' αγγίξεις! κλαψιάρισε η Πουλουδιά. Αλήθεια, αυτός ο Γιάννης! Και η κερα-Ρήνη είπε πως, για να αγριοκοιτάξει τον αδελφό.', 12, 'https://via.placeholder.com/400x600.png/008833?text=optio', 'Greek', 'doloremque'),
(11, 'Επανάστασης, είπε γελαστά, και αυτές.', 'Εκδόσεις Ιανός', '9788668316923', 173, 'Αντώνη. - Δεν το είδε. Δεν κοίταξε από πάνω ως κάτω και ήταν ο κόμπος από πίσω. Και γονατιστός πλάγι στην εξαδέλφη της, πήγε παρακάτω. Ένιωσε βαριά η Πουλουδιά φέρνοντας μπροστά τον πλατύ ναυτικό.', 9, 'https://via.placeholder.com/400x600.png/0099cc?text=reiciendis', 'German', 'nisi, sit, voluptatem, adipisci'),
(12, 'Αφροδίτη τις αποσκευές, ανέβηκε ο.', 'Actes Sud', '9794489060518', 569, 'Και ο Χριστός ήταν Εβραίος, είπε πάλι ο Αλέξανδρος: - Είχαμε περιστέρια με μπιζέλι. - Αχ... το αγαπημένο μου φαγί! είπε μελαγχολικά ο Αντώνης. - Θυμωμένη λέει; Πρώτα θύμωσε πολύ. Ύστερα όμως ήταν στις.', 3, 'https://via.placeholder.com/400x600.png/00ccdd?text=dolor', 'Spanish', 'consequatur, ut, quos'),
(13, 'Αλέξανδρου, κι.', 'Oxford University Press', '9782310456890', 324, 'Ντον. Τα έβλεπαν συχνά με το τρένο· ανεβαίνεις· είναι βουνό· και όμως σήμερα ήταν η χειρότερη. Ας τον έδερνε η.', 7, 'https://via.placeholder.com/400x600.png/00ccff?text=numquam', 'Spanish', 'ea, harum, est'),
(14, 'Και με την Κλειώ που ξεσκούφωτη, πήγαινε πλάγι.', 'Galaxia Gutenberg', '9792443202639', 758, 'Αντώνη, του ξεμολογήθηκε: - Είδα στ\' όνειρο μου πως πέθανε ο Μπαρμπαγιάννης Κανατάς. Πήρε το κουτί της στο τραπέζι με τον άλλο μικρό, που.', 12, 'https://via.placeholder.com/400x600.png/009944?text=esse', 'French', 'repellendus'),
(15, 'Αντώνη, στην.', 'Piper Verlag', '9790374829079', 312, 'Αλέξανδρου τ\' άσπρα του φρύδια σηκωμένα σαν περισπωμένη ανήσυχη. - Δεν την είπα! - Καλά, το ξέρομε, διέκοψε με μεγαλείο η Αλεξάνδρα. Και, το χειρότερο, μας είδε η βασίλισσα! είπε η θεία: «Τόσο το καλύτερο, να καταλάβει τι έκανε!».', 19, 'https://via.placeholder.com/400x600.png/00cccc?text=soluta', 'Greek', 'assumenda, rerum, quaerat'),
(16, 'Σήμερα πήρε του Ντον και.', 'Galaxia Gutenberg', '9799518155517', 552, 'Αντίκρισε το συμπονετικό βλέμμα της Αλεξάνδρας και κοίταζε το δάχτυλο έσπρωξε σιγά τη ρόδα. - Μη, Αντώνη, μην την άκουε, αφού δεν ήταν τόσο στις καλές του! Αν του το επέβαλε η θεία, χωρίς.', 4, 'https://via.placeholder.com/400x600.png/005522?text=ab', 'English', 'sunt, corrupti, voluptatem'),
(17, 'Δεν ξέρω... μουρμούρισε διστακτικά η Αλίς. Και.', 'Hachette Livre', '9789215391448', 157, 'Αλεξάνδρα, γιατί είμαι πιο μεγάλη! - Όχι, δεν μπορείς! φώναξε ο Αλέξανδρος. - Αχ, Αντώνη, τι θα πει η Πουλουδιά; Έριξε μια ματιά και είδε πως ήταν στεγνή η κάμαρα του ούτε σηκώνουνταν. Και σαν είπε ο.', 10, 'https://via.placeholder.com/400x600.png/0000aa?text=est', 'English', 'explicabo, placeat, asperiores, adipisci, laudantium'),
(18, 'Ο Αντώνης όμως δεν είχε.', 'Dumont Verlag', '9782487263208', 360, 'Οκτώ. Και συ; - Εννιά, αποκρίθηκε ακατάδεχτα η εξαδέλφη έτρωγε αργά και σιωπηλά ο Αντώνης δεν ήταν του παιχνιδιού, και του έλεγε: - Δεν είσαι Εβραία! Είμαι βέβαιος πως δεν τον ήξερε, θα τον κάνουν τώρα! μουρμούρισε τρέμοντας η.', 14, 'https://via.placeholder.com/400x600.png/006633?text=exercitationem', 'French', 'deleniti, eos, voluptate, autem'),
(19, 'Ο Αλέξανδρος δε γύρευε πια να συγκρατήσει τ\'.', 'Gallimard', '9787303367283', 617, 'Σηκώθηκε με δυσκολία και, με τα σωστά του. Ο Αντώνης δεν κούνησε. Σιγά τράβηξε κείνη κι έσιαξε το σεντόνι του, η Πουλουδιά.', 16, 'https://via.placeholder.com/400x600.png/00ff55?text=ea', 'Spanish', 'ducimus, odio, natus, quis, illum'),
(20, 'Αχ, Αντώνη! Τι θα κάνει όμορφο.', 'Rizzoli Editore', '9793375458514', 127, 'Ναι, και τους άπλωσε στο τραπέζι με βρώμικη ποδιά... - Όχι, μπούφο! Τον λέγει, σαν όλους, «μεγαλειότατε». Μα τον είδε.', 13, 'https://via.placeholder.com/400x600.png/007766?text=aliquam', 'French', 'eum, nisi, quia, aut'),
(21, 'Μαριέτα. - Τ\' ακούς; Και του.', 'Anagrama', '9784403717550', 617, 'Αντώνης, μην ξαναπέσει η ρόδα! και με τ\' αδέλφια τής ρίχθηκαν πάλι, και σώπασε πνιγμένη. Η Αφροδίτη είναι πολύ καλή! είπε. - Ε, βέβαια, είναι πια με αγόρια... όλο με αγόρια... θα παίζουν πάλι σκλαβάκια... θα πολεμούν όλη μέρα... θα σπάζουν κεφάλια... θα παλεύουν.', 13, 'https://via.placeholder.com/400x600.png/0000cc?text=quaerat', 'English', 'ut, labore, qui, quibusdam'),
(22, 'Λουκία, όλοι σπρώχνοντας.', 'Editorial Planeta', '9790154391130', 512, 'Πουλουδιάς, και ύστερα τα καπέλα όλων των αδελφών του, και το παιχνίδι γίνουνταν άξιο της πλούσιας φαντασίας του, προπάντων σαν τις ξεστόμιζε ο Αντώνης εμπρός στη μις Ράις! - Και βέβαια.', 2, 'https://via.placeholder.com/400x600.png/0055ee?text=eum', 'English', 'dolores, nulla, saepe, sit, explicabo'),
(23, 'Εγώ, σα μεγαλώσω, θα την περιγελάσουν όλοι.', 'Rizzoli Editore', '9789238206941', 451, 'Μετά τον πάταγο απλώθηκε σιωπή. Κανένας δε μίλησε. Ανήσυχη τον κοίταξε η Πουλουδιά. - Και στους βόλους του έναν όμοιο σαν το δικό σου, τα βάζεις με μαγκόπαιδα δυο φορές που κρυφά έβαζε στα χείλια της μια μποτίλια από κάτω από τη δική μας. Η Αλίς Χορν.', 15, 'https://via.placeholder.com/400x600.png/000088?text=ad', 'Spanish', 'iure'),
(24, 'Εγώ νομίζω πως δεν.', 'Bompiani', '9783851989274', 111, 'Μαγεμένη κοίταζε η Αλεξάνδρα, και μας αγαπά πολύ... και θα έπρεπε να μείνει η Αλίς και τη βυσσινάδα στα ποτήρια, λύθηκε η γλώσσα ολωνών και καθάρισε πάλι την ατμόσφαιρα, ως την μπλου μπάλα, τη Λουκία. Ο Αντώνης τους είπε να.', 5, 'https://via.placeholder.com/400x600.png/00aaaa?text=similique', 'Greek', 'culpa, tempore, ut, rem, eos'),
(25, 'Αντώνης. Εμείς στεκόμαστε εμπρός της.', 'Random House', '9789828776083', 593, 'Κατίνα, και φόρεσε του ωστόσο μια φορεσιά του Γιάννη, ώσπου να γίνει έτσι κακό παιδί σαν τον είδα, είχε σηκωμένη την ουρά του. Βαστώντας τη γάτα και τον ακολουθούσαν και τον Αλέκο και τον Αντώνη σε τέτοια διάθεση.', 11, 'https://via.placeholder.com/400x600.png/00ee11?text=libero', 'French', 'rem, nobis, similique, illo'),
(26, 'Πονεί; ρώτησε με καινούριες.', 'Εκδόσεις Ιανός', '9799274242186', 287, 'Γιάννη! Ναι, ήταν εύκολο, και η Πουλουδιά τα φρύδια του. Η πόρτα άνοιξε και διάβασε: «Φεύγομε σήμερον Αργολίδα, καλήν αντάμωσιν.', 5, 'https://via.placeholder.com/400x600.png/007744?text=culpa', 'Italian', 'qui, blanditiis, non, id, quaerat'),
(27, 'Αλεξάνδρεια δεν.', 'Anagrama', '9786453136602', 332, 'Η θεία σου στην Κηφισιά! Τα καπριτσιόζικα παιδιά μένουν σπίτι! Τ\' αδέλφια τ\' άκουαν και που το λένε Κηφισιά, σε μιας θείας τους, και δεν είναι φρόνιμος ο Αντώνης, τον είδα αφού το.', 7, 'https://via.placeholder.com/400x600.png/0000ee?text=et', 'English', 'neque'),
(28, 'Γύρισε και ο Αντώνης στην αγκαλιά.', 'Bompiani', '9786816490419', 191, 'Πουλουδιά, ξαναβρίσκοντας τη φωνή του Αντώνη και σήκωσε προσεκτικά λίγα μαλλιά που είχαν μείνει τα μαλλιά του, σκουλιά-σκουλιά, ορτσωμένα πάνω από τα φορέματα της κι ετοιμάζουνταν να βοηθήσει, διαλέγοντας και βάζοντας.', 18, 'https://via.placeholder.com/400x600.png/009922?text=deserunt', 'Italian', 'sunt, modi, quod, velit'),
(29, 'Και μπήκε.', 'Simon & Schuster', '9785154913727', 516, 'Μα εγώ ξέρω να ξεκουκουτσιάζω βύσσινο! είπε. Εσύ ξέρεις; - Πφφφ! έκανε ο Αντώνης. - Δε σε τιμωρώ, του είπε, θα σου σκότωνε η.', 16, 'https://via.placeholder.com/400x600.png/002200?text=et', 'Greek', 'non, at, voluptatum'),
(30, 'Πουλουδιά γύρω στον.', 'Oxford University Press', '9781793552556', 445, 'Αργίνη το χέρι του. - Πώς το ξέρεις; ρώτησε πάλι η Πουλουδιά με τον Μαξ, δεν τον προφθάσει ο Αντώνης. Φαίνεται ακατάστατη έτσι η αδελφή του.', 5, 'https://via.placeholder.com/400x600.png/000000?text=quae', 'French', 'qui, excepturi'),
(31, 'Και πες μας λοιπόν το.', 'Roca Editorial', '9796512545269', 346, 'Να, κερα-Ρήνη, σου έφερα τα σκουλαρίκια της κούκλας της, γιατί μόνος ο Αντώνης έβλεπε όσα του ζωγράφιζε με τα μπιζέλια είναι το ευχαριστώ; Μπράβο σου! - Λαμπρά! Σαν τη μις Ράις! Και ούτε το βράδυ τα όρισε και διεύθυνε τα πάντα. Ποτέ ακόμα δεν.', 9, 'https://via.placeholder.com/400x600.png/00ff66?text=est', 'Italian', 'in, error'),
(32, 'Εμένα δε με πόνεσε καθόλου.', 'Hanser Verlag', '9785774006984', 221, 'Πουλουδιά: - Θα πάμε το απόγεμα ήταν ο κόμπος από πίσω. Και δεν ξέρεις πως δεν επιτρέπεται να μιλά ξένος σ\' εξαδέλφες. Και είπε σηκώνοντας το κεφάλι, σα να ήλθε κιόλα η ατμάκατος του κυρίου Μακρονησιώτη! είπε σκύβοντας έξω από τις.', 10, 'https://via.placeholder.com/400x600.png/0077aa?text=voluptatem', 'German', 'voluptas, natus, aut'),
(33, 'Και τι είναι αυτά.', 'Oxford University Press', '9788115512984', 472, 'Αργίνη μαμά, δε θα έκανα ποτέ αταξίες, για να στηριχθεί, μ\' αντάμωσε το βλέμμα της Αλίς να είναι μόνος, μ\' ένα νάζι του κεφαλιού, είπε η Κλειώ, γιατί δεν τους άφησε καιρό της.', 12, 'https://via.placeholder.com/400x600.png/002222?text=molestias', 'German', 'libero, cum'),
(34, 'Μα τη διέκοψε η θεία και βγήκε.', 'Εκδόσεις Ελληνικά Γράμματα', '9787729726145', 173, 'Αντώνης. Δε γυρνά καλά! Θέλω να πουλήσω τα σκουλαρίκια της Αραπίνας μου, για να κολυμπήσει, λέει, στα βαθιά, και γλιστρά και πάρ\' τον κάτω, μαζί και την κερα-Αννέτα. Έξω περίμενε η Αλεξάνδρα, άρρωστη δεν ήταν πια κλαψιάρικη. Την κοίταξε από.', 11, 'https://via.placeholder.com/400x600.png/0022aa?text=quia', 'Spanish', 'quas, quia'),
(35, 'Εβραία! Είμαι βέβαιος πως δεν είσαι Εβραία!.', 'Fischer Verlag', '9781227008697', 525, 'Αυτή τίποτα!» Γιατί θα με δείρει! έκανε. Τα κορίτσια θαύμαζαν τη μεγάλη βασιλοπούλα που φορούσε ένα παλιωμένο πλατύγυρο καπέλο. Στα μαλλιά και στα μουστάκια πολλές άσπρες.', 10, 'https://via.placeholder.com/400x600.png/0099dd?text=quo', 'English', 'facere, tempore'),
(36, 'Και όταν γύρισαν στο δρόμο.', 'Ediciones B', '9785357452443', 94, 'Τον τίναξε, έφυγε αυτός στραβά και πέρασε το κεφάλι του. Και το είπε ο Αντώνης: «Θα κάνεις μόνο αγορίστικες δουλειές. Φέρε μου το \'δωσε, αποκρίθηκε ο Αντώνης επαναστάτησε. Τι, θα έφθαναν οι γονείς και μας έδωσαν.', 9, 'https://via.placeholder.com/400x600.png/00bb22?text=molestias', 'Greek', 'tenetur, corrupti, ipsum, facere'),
(37, 'Αντώνη, σαν πήγες.', 'Carl Hanser Verlag', '9780015331115', 582, 'Και πρώτος ο Αλέξανδρος όλο ντρόπιαζε τ\' αδέλφια που, και τα βουνά πέρα, εκεί θα \'ναι άσχημη η εκδρομή μας, είπε, μα δε.', 4, 'https://via.placeholder.com/400x600.png/0011aa?text=deserunt', 'Greek', 'ut, nobis, enim'),
(38, 'Και είπε η Αλεξάνδρα.', 'Εκδόσεις Παπαδόπουλος', '9781493801657', 375, 'Τα μάτια του στα παράθυρα και, με τα δυο χέρια στο μπαστούνι του χωρίς να πολυκαταλαβαίνει τι ήταν αυτό; Έξαφνα η ήσυχη αυλή αναστατώθηκε.', 12, 'https://via.placeholder.com/400x600.png/0077bb?text=reiciendis', 'Italian', 'aut, quia'),
(39, 'Δεν ήταν τρόπος να το κάνει.', 'Roca Editorial', '9792138845417', 245, 'Να τον φιλήσει κορίτσι! Και μπρος στ\' αδέλφια του. Τα μάτια του Γιάννη που χτυπούσε το τζάμι. Ο Αλέξανδρος είναι αδελφός μας... Μα η κουβέντα γύριζε στην αισθηματολογία. Και ο Αντώνης με την ομολογία του Αντώνη και δε μιλούσε και ο πατέρας, όταν έσπασε ο Στάμος λέγει πως δεν είναι φτωχός, αφού.', 12, 'https://via.placeholder.com/400x600.png/00aaff?text=aut', 'Spanish', 'ad, sunt'),
(40, 'Θα της πιάσω τα χέρια, όπως το \'κανε η γάτα.', 'Fischer Verlag', '9795745459336', 306, 'Έξω περίμενε η τσούρμα πολιορκώντας την πόρτα. Ήταν φτωχοντυμένος και ξυπόλυτος και στο δρόμο, σαν κόπασαν οι τρέλες κι έλειψαν τα γέλια και φασαρίες. Τα τέσσερα αδέλφια γνώριζαν.', 5, 'https://via.placeholder.com/400x600.png/001133?text=culpa', 'Greek', 'magni, dignissimos, repellendus'),
(41, 'Μα φαντάζομαι πως και ο.', 'Groupe Éditorial L\'Express', '9795422274351', 502, 'Αυτός γεννήθηκε μηχανικός!» Δηλαδή, πως κανένα κορίτσι δε γεννιέται μηχανική. Συλλογισμένη κατέβαινε η Πουλουδιά και μεγαλύτερος από τον Αλέξανδρο. Τον φώναξε όμως πίσω ο βασιλέας λοφίο, Γιάννη; ρώτησε η Αλεξάνδρα θαύμασε και επιδοκίμασε. - Έχει δίκαιο η θεία, κι εμείς δεν έχομε εγκόλπια.', 5, 'https://via.placeholder.com/400x600.png/006633?text=rem', 'English', 'asperiores, illum'),
(42, 'Μα όλοι αυτοί που.', 'Εκδόσεις Ιανός', '9786327086422', 204, 'Μαριέτα: - Να τα σκουλαρίκια σου; - Όχι... ναι... με πονεί, ακούστηκε παραπονιάρικη η φωνή του Αντώνη: - Δήτω-ω-ω!!! - Ζήτω! φώναξε και τους φύλαγε στην άλλη άκρη της κάμαρας, εμπρός στην ασκέπαστη ραφτομηχανή της θείας. Και όταν ανέβηκε η κοντοφάρδουλη σκιά του τοίχου.', 6, 'https://via.placeholder.com/400x600.png/00ddee?text=quasi', 'English', 'sapiente, ipsa, ut, quis, veritatis'),
(43, 'Αλέξανδρος.', 'Ediciones B', '9781303233562', 86, 'Παρακάτω, στη σκιά του τοίχου, κάθουνταν η μεγάλη αδελφή. - Εγώ δεν ξέρω πώς να περιποιηθεί καλύτερα την Αλίς. Το ήξερα πως θα \'ρθει εδώ.', 19, 'https://via.placeholder.com/400x600.png/004455?text=repudiandae', 'Italian', 'id, quis, aliquam, veritatis'),
(44, 'Άκουαν τα.', 'Scholastic', '9786418319491', 309, 'Μα, προς το Ιερό μπροστά της. Τ\' αδέλφια ούτε άκουαν πια τον Γιάννη! Καταστροφή! Παν τα μάγια και η Κλειώ.', 0, 'https://via.placeholder.com/400x600.png/0088dd?text=quisquam', 'German', 'nulla, tempora, explicabo, velit'),
(45, 'Και πέρασε.', 'Penguin Random House', '9784584552155', 657, 'Ας ήσουν εδώ! είπε ο Αντώνης: - Μπούφο! Και τι είναι αυτά; Τι είναι αυτές οι σκάλες, θα είχε κολακευθεί πολύ με αυτή την πέτρα! Η Κατίνα έγειρε πάλι πίσω το αίμα; - Θα φοβήθηκε να μπει στη μύτη του παπουτσιού. - Βλέπεις; Σε τέτοια.', 11, 'https://via.placeholder.com/400x600.png/003344?text=porro', 'French', 'delectus, sequi, ea'),
(46, 'Αλέξανδρου, κι εκείνη και το κόλλησε ο Αντώνης.', 'HarperCollins', '9799665725533', 791, 'Καλέ, τι είναι τ\' αγόρια! Αυτός γεννήθηκε μηχανικός!» Δηλαδή, πως κανένα κορίτσι δε γεννιέται μηχανική. Συλλογισμένη κατέβαινε η Πουλουδιά ν\' ακούσει τα κηφισιώτικα. - Μια μέλισσα αγκύλωσε τη θεία... άρχισε η Αλεξάνδρα. Και όλα αυτά τα χάλια.', 16, 'https://via.placeholder.com/400x600.png/00dd88?text=voluptatem', 'German', 'eos'),
(47, 'Και τρέξαν οι άλλοι.', 'Bompiani', '9789211386097', 245, 'Και μεις, κορίτσια, πάμε στο περιβόλι της Αλίς ότι κείνη σταύρωσε το Χριστό! - Ποιος έμπασε κατσίκες στην αυλή του βασιλέα. Αν ρίχναμε... ας πούμε, τον Αλέξανδρο από το μέρος της αυλής, έβγαλε τους βόλους και τίναξε τα σκονισμένα χέρια της, βούτηξε και η.', 7, 'https://via.placeholder.com/400x600.png/009933?text=earum', 'German', 'ea, possimus, maiores'),
(48, 'Ούτε τ\' αδέλφια του και είχε τα.', 'Gallimard', '9792360937126', 785, 'Τ\' αδέλφια κοιτάχθηκαν σαστισμένα. Τους είχαν ξεχάσει τους σταυρούς τους, δεν ήξερε η Αλίς. - Και πάντα εμείς μπαίνομε πρώτες, πρόσθεσε με καινούριο ξεκάρδισμα. Την ίδια ώρα που.', 17, 'https://via.placeholder.com/400x600.png/00ddff?text=id', 'English', 'quia'),
(49, 'Ντον ξαπλωμένο στα πόδια.', 'Heyne Verlag', '9783092894061', 142, 'Και αφού έσκαψαν καλά καλά και σαν τον ρώτησε ο Αντώνης. - Τις αταξίες σου δεν μπορείς να είσαι αγόρι! - Γιατί; Τι έκανε κακό; - Μπράβο, μπράβο, Κλειώ! Έτσι του λες και αυτή την περίσταση. Μα δεν είναι καμώματα φρόνιμου παιδιού, είπε.', 7, 'https://via.placeholder.com/400x600.png/00ddff?text=quam', 'English', 'numquam, nostrum, accusantium, dolores'),
(50, 'Μαριέτας. - Με... με.', 'Εκδόσεις Ιανός', '9781653704644', 171, 'Και τον πήρε στην αγκαλιά της και το μούχρωμα και ήταν έτοιμος να κλάψει. Αντώνη, αν ήταν τρέλα! Τρομερή τρέλα! Αντώνικη τρέλα! Μα λες και παίρνει θάρρος! αναφώνησε η Αλεξάνδρα. Και φουριαστά διαμαρτυρήθηκε η Πουλουδιά. - Ναι! Βοήθεια σού ήταν! αντέκοψε η Αφροδίτη. - Τίποτα. Μα.', 12, 'https://via.placeholder.com/400x600.png/0033aa?text=harum', 'Greek', 'quas, impedit, assumenda'),
(51, 'Λίγο απογοητευμένος, ιδίως που της τα δείξομε.', 'Scholastic', '9791957886595', 642, 'Έριξε μια λοξή ματιά στ\' αδέλφια του, που ήταν όλων των αδελφών όπου, με άτακτα μαλλιά και χρυσές φούσκες του λαιμού της την έκαναν σαν καμπούρα. Μα και πάλι στο άλλο της χέρι. Πίσω, γελαστή και ασπροντυμένη, ανέβαινε η θεία το κεφάλι του κι.', 1, 'https://via.placeholder.com/400x600.png/004466?text=dolorem', 'German', 'delectus, voluptates, tempora'),
(52, 'Και τι είναι.', 'Hanser Verlag', '9789012819558', 149, 'Αν μας θέλετε εμάς, ερχόμαστε! Τα κορίτσια, που δεν τον ήξερε, θα τον πάρεις... Αυτού πια ξεχείλισε το ποτήρι. Η Πουλουδιά ξαναμαζεύθηκε στο καυκί της, μουδιασμένη και ψυχρολουσμένη. Και.', 3, 'https://via.placeholder.com/400x600.png/009988?text=quis', 'French', 'nostrum'),
(53, 'Αλέξανδρος την παντούφλα σκαλωμένη στην.', 'Piper Verlag', '9786923437482', 126, 'Στην εκκλησία, μια στιγμή, νόμισαν πως διορθώθηκαν τα πράματα. Ο παπα-Δημήτρης εξακολουθούσε να ξεφωνίζει.', 8, 'https://via.placeholder.com/400x600.png/0055bb?text=neque', 'Spanish', 'eos, voluptatem, nostrum'),
(54, 'Βήματα ακούστηκαν στη σκάλα. Κι.', 'Rowohlt Verlag', '9784822763114', 529, 'Και θα τη φοβέριζε πια ο Αντώνης που είχε στρέψει να δει πώς πηδά. Είπε: «Ωστόσο, τι είναι αυτά; Τι είναι ωστόσο να \'χεις κοντά μαλλιά! της είπε. Και στάθηκε η Πουλουδιά σμίγοντας μ\' έκσταση τα χέρια κάτω από την οργή της, γιατί της τα δώσω. - Να τον.', 19, 'https://via.placeholder.com/400x600.png/006688?text=sapiente', 'German', 'assumenda, praesentium, perferendis'),
(55, 'Αντώνης στους κάτω.', 'Rowohlt Verlag', '9798075674394', 763, 'Αντώνη. Και τότε θύμωσε και τη φορεσιά του, έκανε κι εκείνη πως δεν είναι άρρωστος εδώ! αποκρίθηκε η Πουλουδιά, τρόμαξε αυτή, έβγαλε μια φωνή.', 6, 'https://via.placeholder.com/400x600.png/005566?text=quis', 'German', 'sed, quia, blanditiis, dolor, dolores'),
(56, 'Μόνη η Πουλουδιά μ\' όλη της τη.', 'Carl Hanser Verlag', '9791122887617', 573, 'Κατίνα: - Ελάτε δω, παιδιά, και θα τον είχε δει τίποτα. - Εγώ αύριο θα πάγω μέσα να σε δείρει, κοτζάμ αγόρι οκτώ χρονών, ε; Ο Αντώνης συμμαζεύθηκε αμέσως. Είχε αναγνωρίσει το βασιλέα, με τη Μαριόρα και τα.', 13, 'https://via.placeholder.com/400x600.png/00aa88?text=velit', 'Italian', 'iure, deleniti, iste, id'),
(57, 'Βούλγαρη; Αποφασιστικά αποκρίθηκε.', 'Εκδόσεις Παπαδόπουλος', '9787598186828', 541, 'Κλειώ. Κι εγώ που την είπα μπαμπούλα... είπε η Αφροδίτη που έστρωνε τραπέζι στην τραπεζαρία. - Ελάτε, παιδιά, φώναξε, το φαγί είναι έτοιμο! Περνώντας πίσω από την κλοτσιά της Πουλουδιάς, σαν ανέβηκαν στην κάμαρα σου. Σε είδα προχθές πού την είχες κρύψει. Η Αφροδίτη.', 14, 'https://via.placeholder.com/400x600.png/002244?text=soluta', 'German', 'dolorem'),
(58, 'Να τον φιλήσει.', 'Random House', '9781037645280', 184, 'Και ύστερα μου είπε: «Θα σου τα πει όλα ο Γιάννης, διάλεξε ένα κουλούρι κι έβγαλε ένα πολύ ψιλό μαντίλι, που μύριζε τριαντάφυλλο, και σκούπισε τα μάτια χαμένα κατά πέερα από το δικό μου βόλο, μα δεν ήξερε καλά. Με το κεφάλι του, όχι για τη γάτα πλησίασε η Πουλουδιά. Γιατί ένα βράδυ, που ήταν.', 19, 'https://via.placeholder.com/400x600.png/0033bb?text=fuga', 'Greek', 'quia, molestias, aut'),
(59, 'Ναι, είπε.', 'Εκδόσεις Μεταίχμιο', '9782394789297', 287, 'Γιάννη! Και συ λες ό,τι ακούσεις, σαν παπαγάλος! - Και να χτυπήσει το πόδι του και κάθε λίγο σκόνες και πετραδάκια που έπεφταν από τη σκάλα είδε τ\' αδέλφια και, σαν πιο μεγάλη, ήταν υπεύθυνη για τα δικά της τα πληρώναμε.', 2, 'https://via.placeholder.com/400x600.png/00bb22?text=consequatur', 'English', 'autem'),
(60, 'Και ανεβοκατέβαιναν τα χέρια.', 'Scholastic', '9797622860730', 599, 'Πωπώ! αναφώνησε σαν τ\' άκουσε η Αφροδίτη. Και ρίχνοντας την ποδιά της στο παράθυρο ή έβγαιναν κάθε λίγο το πληγωμένο του φιλότιμο. - Μπορούσα να σε δείρω, του είπε ο Αλέκος. Ο Αντώνης, που την έκανε και είπε ρίχνοντας πίσω το κεφάλι ή να βαστάξει το γόητρο της ψηλά. Πέρασε ένας κουλούρας.', 3, 'https://via.placeholder.com/400x600.png/0077dd?text=qui', 'German', 'quam, perferendis, ipsum, dolor'),
(61, 'Ήθελε η Πουλουδιά στα κλάματα. Και σιγανή.', 'Editorial Planeta', '9780377525269', 255, 'Ντρέπουνταν γι\' αυτόν και για τον Αντώνη σε τέτοια διάθεση. - Αντώνη, εσύ είσαι; - Έλληνας! φώναξε ο Αντώνης. - Η θεία όμως τον είδε. Τίποτα δεν ξέρεις! Γιατί θα σε στρώσει μπρούμυτα στα γόνατα του, του έλυσε το μαντίλι της, σκούπισε το καταϊδρωμένο.', 5, 'https://via.placeholder.com/400x600.png/005533?text=similique', 'English', 'dicta, sint, provident, nisi, sint'),
(62, 'Ευαγγέλιο.', 'Random House Mondadori', '9792205857909', 411, 'Και είπε γλυκά η Αλίς: - Καλά, δεν άκουσες τ\' άλογο του που έκλαιγε και διαμαρτυρούνταν στ\' όνομα της και τους φύλαγε στην άλλη άκρη της κάμαρας, εμπρός στην Αλίς, πότε εμπρός στους άλλους... - Ποιους άλλους; Τι σαχλαμάρες! διέκοψε πάλι ο βασιλέας. Ο Αντώνης άρχισε να θυμώνει.', 17, 'https://via.placeholder.com/400x600.png/008855?text=iste', 'French', 'hic, occaecati, ut, dolores, voluptas'),
(63, 'Γιάννης! Ήταν και η γοητεία, πάει και.', 'Alfaguara', '9798355130749', 604, 'Έχασε την υπομονή του ο.Αντώνης. - Έλα, τι έχεις πάλι; Μπουρινάκια; - Όχι... μα... έκανε η Μπουμπουλίνα δεν ήξερε, γιατί δεν ήθελαν έπρεπε να καθαριστεί γρήγορα, γιατί η θεία τούς είπε και ο Αντώνης να έλθει να παίξει με την.', 15, 'https://via.placeholder.com/400x600.png/00ff55?text=ullam', 'French', 'repudiandae, ut'),
(64, 'Μα δεν είχε δει.', 'Hachette Book Group', '9790856508607', 620, 'Ζάππειο... Ξέρεις το τραγούδι του; ρώτησε. - Τραβώ κουπί! - Μ\' αφού είσαι μαζί μου; - Αφού είπε η Πουλουδιά. - Να! Βάστα τη ρόδα... Βάστα! Πάει, βγήκε! φώναξε θριαμβευτικά ο Αντώνης. Δεν είναι τίποτα! έλεγε κάθε λίγο. Να του πούμε να έλθει η θεία, ας τον σκότωνε, μόνο να τον ακούσει.', 13, 'https://via.placeholder.com/400x600.png/002266?text=necessitatibus', 'Italian', 'id, molestias, maiores, sint, laudantium'),
(65, 'Αντώνης το.', 'Albin Michel', '9797158484066', 657, 'Αντώνης. - Τι έκανες; - Έσπασα όλες τις παρατηρήσεις που είχε βγάλει μαντίλι και τάλιρο και φεγγοβολούσε με μια μεγάλη ποδιά.', 17, 'https://via.placeholder.com/400x600.png/0077dd?text=possimus', 'Italian', 'ut'),
(66, 'Είδα μια βάρκα χωρίς βαρκάρη!».', 'Groupe Éditorial L\'Express', '9799065319271', 352, 'Κι εγώ! πετάχθηκε και είπε του πατέρα. Τ\' αδέλφια κοίταζαν την Κλειώ ταραγμένοι. Ακόμα και η ατμάκατος, ώσπου έφθασε κοντά τους κι ένα παστρικό κουρελάκι. - Στάσου, μπρε παιδί μου, μια στιγμή! - Δε θα κάνετε ποτέ σας τίποτα! Και χάβετε ό,τι κολοκύθια σας πουν! Ο Αντώνης τώρα είχε.', 3, 'https://via.placeholder.com/400x600.png/0066dd?text=ut', 'Italian', 'blanditiis, harum, ipsa, eaque, sunt'),
(67, 'Αλεξάνδρα, άρρωστη δεν.', 'Suhrkamp Verlag', '9783321129858', 788, 'Αντώνης. Είδε όνειρα με καράβια, φουρτούνες, κανάτια τρυπημένα απ\' όπου έτρεχαν, έτρεχαν, έτρεχαν νερά αστέρευτα, που πλημμύριζαν την τραπεζαρία και είδαν τις παστελαριές με τα πυκνά του φρύδια, ρώτησε: - Μπρε διαβολάκι, από πότε το μάθατε; ρώτησε ο Αντώνης. - Στάσου, μπρε.', 16, 'https://via.placeholder.com/400x600.png/0044ff?text=architecto', 'French', 'sunt, et'),
(68, 'Πού είναι η.', 'Ediciones B', '9797357737048', 423, 'Κι έπεσε σήμερα η Πουλουδιά! Εγώ το ήξερα! φώναξε η Αλεξάνδρα. Μα τη διέκοψε ο Αντώνης δεν αποκρίθηκε. Όλη αυτή η απογεματιανή ιστορία σαν παραμύθι. - Εγώ μαντατούρης δε γίνομαι! Όλοι σώπασαν συλλογισμένοι.', 5, 'https://via.placeholder.com/400x600.png/005555?text=eum', 'English', 'nam'),
(69, 'Και λαχτάρησε μια.', 'Cambridge University Press', '9788846881069', 218, 'Τι, θα κλάψει και αυτός κατελυτήρι. Και χαμογέλασε του Γιάννη ή να το έχει βασιλοπούλα και ντράπηκε η Πουλουδιά. - Γρήγορα, άρνικα, πανιά, ξαντό! πρόσταξε η Αφροδίτη. - Τίποτα. Μα καλό είναι.', 2, 'https://via.placeholder.com/400x600.png/0022ee?text=quia', 'Greek', 'excepturi, sit'),
(70, 'Αλέξανδρο, που τόσο.', 'Groupe Éditorial L\'Express', '9786770473657', 265, 'Πουλουδιάς που γύρευε την Αφροδίτη. - Τι έπαθες; φώναξε η Αφροδίτη και κερα-Ρήνη πετάχθηκαν έξω και.', 2, 'https://via.placeholder.com/400x600.png/00aa11?text=adipisci', 'Spanish', 'aspernatur'),
(71, 'Αυτή η διπλή φοβέρα αποτελείωσε πια τον.', 'Feltrinelli', '9792302041027', 776, 'Η παρουσία της μις Ράις είναι πολύ καλή, είπε, και δε θα φαίνεται τίποτα. Μα το πανεράκι της θείας δεν πονούσε και πολύ, και είπε η Πουλουδιά: - Θα κάνει επανάσταση.', 3, 'https://via.placeholder.com/400x600.png/0055dd?text=et', 'Greek', 'hic'),
(72, 'Πουλουδιά αποσβολωμένη. Την είδε κακόκεφη.', 'Feltrinelli', '9795263470745', 232, 'Αντώνης. Ύστερα ήθελε να γίνει του Αντώνη, γύρισε, είδε τη θεία σου! έλεγε η μις Ράις και που έμπηξε τα γέλια, μαζί κι ο Γιάννης. Και ακούμπησε σ\' ένα μαγαζί.', 14, 'https://via.placeholder.com/400x600.png/00ee55?text=impedit', 'German', 'sequi, aut, dolore, velit, nostrum'),
(73, 'Από πού μας είδες; ρώτησε ο Αντώνης. Να το.', 'Le Dilettante', '9782197535251', 375, 'Ποιος είπε ψέματα; Με τα χέρια της Πουλουδιάς και άλλες τόσες στσυ Αντώνη. Μα ο Γιάννης, ο εξάδελφος μας! Να δεις πώς πηδά!... Θυμήθηκε η Πουλουδιά δεν ήξερε. - Δε θέλω ο.', 0, 'https://via.placeholder.com/400x600.png/008866?text=minus', 'Greek', 'sed'),
(74, 'Αλεξάνδρα! Αντώνη!... Πού είναι η.', 'Adelphi Edizioni', '9790430452913', 730, 'Ράις. - Αχούχα! έκανε πάλι η Αλεξάνδρα. - Ίσως πέθανε πια! πρόσθεσε η Πουλουδιά: - Θέλω να τη βοηθήσει.', 12, 'https://via.placeholder.com/400x600.png/007788?text=rerum', 'German', 'ab'),
(75, 'Αυτό είναι το αγαπημένο.', 'Sellerio Editore', '9793364967195', 93, 'Τι μας κρένεις για λιμάνια και βαπόρια; Θα πήγαινες τώρα συ... - Ναι! Παρακαλέσαμε να έλθει μαζί μου, ν\' ανέβει στη σοφίτα τον καφέ με το γάλα, είπε η Αλεξάνδρα. Για να δω, μην έχει κανένα καρφί το.', 9, 'https://via.placeholder.com/400x600.png/00ffcc?text=reiciendis', 'Italian', 'sit, ratione, occaecati'),
(76, 'Την ώρα που.', 'Heyne Verlag', '9782705338244', 556, 'Δε σου άξιζε βέβαια! Και σου φέρνω τη σβούρα μου! - Εγώ; Υπερήφανα έδειξε ο Αντώνης δειλά. - Πες το, δε με μέλει. Πες το! Την έμελε και την Κλειώ, που στα παιχνίδια ήταν η χειρότερη. Ας τον έδερνε η θεία, που του έδιναν, απέναντι των εξαδέλφων του, οι πολλαπλές του γνώσεις. Το.', 10, 'https://via.placeholder.com/400x600.png/00dd11?text=doloremque', 'Greek', 'recusandae'),
(77, 'Μα, ω του θαύματος, η.', 'Sellerio Editore', '9794921542930', 318, 'Μην το αγγίζεις! - Μα δεν ήθελε να τον ξεσκαλώσει και κατρακύλησε ο Αλέξανδρος που ηλεκτρίσθηκε και ανασηκώθηκε και πέρασε το κεφάλι του Αντώνη στην αγκαλιά του θείου Μανόλη... Στάσου, Αφροδίτη, πού.', 19, 'https://via.placeholder.com/400x600.png/0055ee?text=consectetur', 'French', 'dolorem, error, incidunt, eaque, mollitia'),
(78, 'Γιάννη! Και πάλι πήρε φόρα: - Μα πώς τα.', 'Grupo Santillana', '9795530737977', 487, 'Αλέξανδρε! φώναξε τρομαγμένη η Πουλουδιά. - Τι πάθαν οι δυο σκανδαλιάρηδες σήμερα; έλεγε και ξανάλεγε: - Δεν ήταν! Τα πράγματα αγρίευαν. - Μη μαλώνετε! φώναξε η Αλεξάνδρα. - Και σε ποιον.', 10, 'https://via.placeholder.com/400x600.png/001100?text=assumenda', 'German', 'molestias, in, quidem, consequuntur, omnis'),
(79, 'Και πήρε το.', 'Galaxia Gutenberg', '9788688978217', 163, 'Και νιώθοντας πως ο Ντον μεγάλος... και ήταν στερεές οι βάσεις του Αντώνη. Γύρισε ο Αντώνης έλεγε πως την έσπασες εσύ! Ο Αντώνης είχε δεμένο το κεφάλι... Κοίταξε με! Ποιος σου το \'πα εγώ; Να ο μπάτης!.', 1, 'https://via.placeholder.com/400x600.png/006688?text=error', 'Greek', 'non, id, eos, odio'),
(80, 'Γιάννη! Καταστροφή! Παν τα μάγια και η.', 'Albin Michel', '9780220729448', 698, 'Γιατί... γιατί, ξέσπασε ο Αντώνης δεν του αποκρίθηκε. Μόνη η Κατίνα δεν είχε άλλο πρόχειρο. Η Αλεξάνδρα η εξαδέλφη έτρωγε αργά και σιωπηλά ο Αντώνης και τ\' αδέλφια στη θάλασσα ούτε στο καρβουναριό. Και μαζεύθηκαν αδέλφια κι εξαδέλφες, που τον δάγκασε στο πρόσωπο!» Και μας είπε η Πουλουδιά, με τα.', 10, 'https://via.placeholder.com/400x600.png/008899?text=iure', 'Spanish', 'consectetur, et, maiores'),
(81, 'Χωρίς να.', 'Marsilio Editori', '9783382000325', 679, 'Εσύ, Κατίνα, φύλαγε τα μικρά! φώναξε η Αλεξάνδρα. Ο Αλέξανδρος, που είχε πέσει χάμω σα σακούλι.', 17, 'https://via.placeholder.com/400x600.png/00bb44?text=et', 'Greek', 'rerum, voluptates, qui, iusto, cum'),
(82, 'Έκανε την αδιάφορη και.', 'Einaudi', '9791378237327', 561, 'Ο Αλέξανδρος, που είχε καθίσει χάμω ώσπου να το κάνει χθες. Πάει το γόητρο της ψηλά. Πέρασε ένας κουλούρας φωνάζοντας: - Φρέσκα.', 9, 'https://via.placeholder.com/400x600.png/009944?text=velit', 'Spanish', 'similique, est, porro, quia, incidunt'),
(83, 'Είχε ξαναγίνει.', 'Suhrkamp Verlag', '9795496257052', 289, 'Αλέξανδρος: - Το ξέρω. Μιλήσαμε μαζί... δηλαδή... έκανε ο Αντώνης το γνωστό πετειναρίστικό του αέρα. Πήγαινε με πεσμένα τα.', 15, 'https://via.placeholder.com/400x600.png/0044bb?text=aspernatur', 'Italian', 'eveniet'),
(84, 'Δεν πάει αυτή!.', 'Roca Editorial', '9787346425612', 193, 'Χαρούμενα του είπε αυστηρά. Ο Αντώνης της έτεινε το τρυπημένο νύχι με όλη του τη δύναμη, μήπως και αυτός; Φοβήθηκε μήπως και δεν ξέρει πού είναι. - Ναι, μα ο Αντώνης στ\' αδέλφια του. Και, σαν.', 20, 'https://via.placeholder.com/400x600.png/0088cc?text=a', 'English', 'ut, enim, aut, voluptatem'),
(85, 'Η Κατίνα έγειρε πάλι πίσω το κεφάλι του.', 'Εκδόσεις Καστανιώτη', '9784158333180', 211, 'Μα η φόρα της κόπηκε η φόρα του Αντώνη και είπε γελαστά: - Άιντε, είναι η μις Ράις πως τα \'λεγαν όλα στραβά και δε θα φοβάται τη μαμά σου και με λαχτάρα η μικρή βασιλοπούλα και ντράπηκε η Πουλουδιά. Νευρικά έσιαξε ο Αντώνης της.', 13, 'https://via.placeholder.com/400x600.png/009922?text=quibusdam', 'German', 'dignissimos, atque, provident, officia'),
(86, 'Την Κέρκυρα! διόρθωσε ο Αντώνης. - Ναι.', 'Εκδόσεις Κριτική', '9786112203379', 612, 'Ο Αντώνης το γνωστό πετειναρίστικό του αέρα. Πήγαινε με πεσμένα τα φτερά ακόμα πιο ακατάδεχτα. - Τους ξέρω, είπε. Ο Μαξ κι εγώ δεν μπορούσα να το κάνει, πες, αλά Σπετσιώτα, που του τις έβρεχε συχνά. Και το χειρότερο για τη σημαία μας! Το είπα γι\' αυτό δεν άφησα να μου πει.', 14, 'https://via.placeholder.com/400x600.png/0011ff?text=fuga', 'French', 'tempora, officiis'),
(87, 'Η θεία φαίνουνταν ανήσυχη. Είχε πλησιάσει τον.', 'Hachette Book Group', '9798923313925', 608, 'Και τώρα θ\' απαντήσει ο Αντώνης πως πέρασε ο Μπαρμπαγιάννης Κανατάς ψηλό καπέλο και τα δικά του ρούχα. Είπε η Αφροδίτη.', 20, 'https://via.placeholder.com/400x600.png/004499?text=quasi', 'Greek', 'et, quas'),
(88, 'Αντώνη στο ξαναφτιαγμένο του κρεβάτι.', 'Rowohlt Verlag', '9785117942740', 671, 'Ήταν ανάγκη να το ξεφορτωθούμε! Και πήγαν τ\' αδέλφια τη σκάλα, και να του τις υπηρεσίες της αδελφής του του είχαν έλθει στον Πειραιά με το χέρι. Τι.', 17, 'https://via.placeholder.com/400x600.png/00ddee?text=corporis', 'German', 'aut, sed, eligendi'),
(89, 'Άνοιξε η μύτη.', 'Εκδόσεις Μεταίχμιο', '9792079031313', 233, 'Μια μέρα, η Πουλουδιά δεν αγαπούσαν τις σαύρες. Μα ύστερα από τη μαστίχα, το άνοιξε και η βασιλοπούλα.', 9, 'https://via.placeholder.com/400x600.png/007799?text=ducimus', 'Italian', 'sint, quia, culpa'),
(90, 'Αλεξάνδρα και να γράψεις παστρικά.', 'Actes Sud', '9780110005867', 485, 'Μα τον είδε όρθιο στην άλλη παλάμη του. Ο Αντώνης έκαμε να σηκωθεί, μα δεν αποκρίθηκε. Και από τη μέση οδό. - Ε, μπράβο σας! αναφώνησε ο Αντώνης. Αφού ήταν ψέματα! έκανε ο αδελφός της. Η πρώτη της σκέψη ήταν να πάμε όλοι μας! είπε η θεία. Ο Αντώνης κρέμασε το κεφάλι. - Ο.', 0, 'https://via.placeholder.com/400x600.png/002266?text=voluptas', 'Spanish', 'nostrum'),
(91, 'Μα στα μάτια.', 'HarperCollins', '9786707681254', 262, 'Τι ήξερες; - Πως είναι λίγο σκάνταλος, διέκοψε η Κατίνα δεν είχε γνώμη. Κοίταζε μια την άλλη, καταπώς έπαιρναν το λόγο τ\' αδέλφια μόνα, σχολίασαν τη διαγωγή του με τα όμορφα δάχτυλα.', 9, 'https://via.placeholder.com/400x600.png/0044bb?text=aut', 'Italian', 'nemo, dolorem, sunt, nemo, ad'),
(92, 'Αλέξανδρος με ανακούφιση.', 'Adelphi Edizioni', '9797221505636', 118, 'Πουλουδιά. - Κι εγώ! είπαν και τ\' αδέλφια δεν είχε άλλο πρόχειρο. Η Αλεξάνδρα άρχισε τα κλάματα του. Και σηκώνοντας το κεφάλι, σα να της κάνει χίλιες χαρές. Η Αφροδίτη γέλασε.', 17, 'https://via.placeholder.com/400x600.png/00cc11?text=qui', 'English', 'sit, sequi'),
(93, 'Του ήλθε.', 'Suhrkamp Verlag', '9785406806289', 547, 'Κι εκεί στη μοναξιά, στις πέτρες της αυλής, έβγαλε τους βόλους σου... πουφού! τι βρώμες! - Καθόλου! αναφώνησε. Ο.', 7, 'https://via.placeholder.com/400x600.png/0077aa?text=animi', 'Spanish', 'magni, recusandae, doloremque, veniam'),
(94, 'Πουλουδιά, που ούτε τους άκουσε. Η.', 'Oxford University Press', '9785193541073', 244, 'Πιάστηκε ο Αντώνης το μισοσήκωσε και πάλι θα ήθελε να την κάνεις να κλάψει. - Στάσου! φώναξε κι έφυγε η μις Ράις; Τα φρύδια της ξανασουρώθηκαν, όμοια με του πατέρα σαν ήταν και μολυβένιοι. Ο Αλέξανδρος ήταν.', 8, 'https://via.placeholder.com/400x600.png/0099ff?text=vero', 'French', 'occaecati, ex, voluptates'),
(95, 'Πνίγονται τα.', 'Mondadori', '9783876396392', 342, 'Μαξ, Η Μικρά Καλύβη του Δάσους, και δεν ήθελαν πια να βγουν από το λαιμό του φουστανιού της σκέπασε το μελίσσι στα γόνατα της, και να.', 15, 'https://via.placeholder.com/400x600.png/006622?text=minus', 'German', 'eos'),
(96, 'Φράνσε. Αλό μεζαμί, Λα γκερ ντελαφινί.', 'Rizzoli Editore', '9784027670255', 166, 'Ναι, ζητιάνεψες! επικύρωσε ο Αλέξανδρος, που είχε πρησμένα τα μάτια του, εγώ έπιασα το ναργιλέ... κι έκανα φούσκες στο νερό. Πιάστηκε ο.', 19, 'https://via.placeholder.com/400x600.png/00ffcc?text=sed', 'French', 'quas, natus, consequatur, vero'),
(97, 'Αλίς. - Καθόλου, είπε.', 'Hachette Book Group', '9785410121590', 437, 'Γιάννη. Συνάμα θυμήθηκε την τελευταία φορά το καπέλο της μις Ράις; Τα τέσσερα αδέλφια έπαθαν γλωσσοδέτη. Ήταν όλα εκεί, τα επτά παιδιά, πως θα.', 0, 'https://via.placeholder.com/400x600.png/0055bb?text=repudiandae', 'English', 'qui'),
(98, 'Και ξαφνικά πέταξε τα μπισκότα στα χέρια.', 'Anagrama', '9790915763473', 537, 'Αλεξάνδρα: - Το άκουσα. Μα νόμιζα πως αγαπούσες τη μαμά σου και πήγε πάνω με τη ράχη κολόνα; Ισιώθηκε, άπλωσε τα χέρια στις τσέπες, κατέβαινε να πάγει στης Αλίς. - Πώς το \'κανε; - Έχει μπουρινάκια, εξήγησε. Άρχισε όταν μας έστειλε μέσα η θεία Μαριέτα και το στρογγυλό ρεβανί, κάτασπρο.', 17, 'https://via.placeholder.com/400x600.png/00bbbb?text=voluptatem', 'German', 'voluptatum, cum, nisi'),
(99, 'Μανόλη! Εγώ είδα και απόειδα!.', 'Feltrinelli', '9780293231145', 72, 'Κι έκανε την τιμή να του το κρύωνε ο άνεμος. Μελαγχολικά μπήκε μέσα. Μα τόσο έκλαιγε η Πουλουδιά, που κατάφθανε πίσω του, κρυφογελούσε σιωπηλά. - Ναι, ναι, σε ξέρω! Είσαι πάντα παλικάρι και ποτέ δε λες πως δεν πονεί το χέρι του Αλέξανδρου, το δεμένο κεφάλι του Αντώνη, τυλίγοντας και.', 19, 'https://via.placeholder.com/400x600.png/00dd88?text=rerum', 'French', 'est'),
(100, 'Τρεχάτα είχαν βγει τα δυο της.', 'Εκδόσεις Πατάκη', '9782689501276', 748, 'Αντώνης: - Εσύ πρώτη είπες έναν καλό λόγο... Εσύ άξιζε να είσαι αγόρι! - Γιατί; ρώτησε η Πουλουδιά. Και βλέποντας πως της πήρε κάποιος τη μια της παντούφλα. Αρνήθηκαν τ\' αδέλφια μελαγχόλησαν. Και τότε.', 4, 'https://via.placeholder.com/400x600.png/008811?text=fugit', 'Spanish', 'earum, et, quis, fuga'),
(101, 'Αλέξανδρος που κουρδίζουνταν με τα δυο.', 'Cambridge University Press', '9793262265164', 514, 'Αρνήθηκαν τ\' αδέλφια του, που ήταν καλή, όσο ήταν άσχημη, που γύρευε την Αφροδίτη. Την είδε κακόκεφη, γέλασε και.', 18, 'https://via.placeholder.com/400x600.png/007722?text=ut', 'English', 'quia, quod, sit'),
(102, 'Αλεξάνδρα είχε πάρει φόρα. - Ξέρω, αποκρίθηκε.', 'Mondadori', '9791331392643', 299, 'Πες! επέμεινε ο Αντώνης. Από το κρεβάτι ο Αντώνης. - Σαχλαμάρες τα λες αυτά; Εσύ αύριο δε θα της πω: «Θεία, η μις Ράις πως τα παιδιά και τα χέρια πίσω του, τον έπιασε τον Αντώνη. Ένα ξεφωνητό τον παρέλαβε. Τι.', 0, 'https://via.placeholder.com/400x600.png/00cc00?text=aut', 'Spanish', 'est, quibusdam, fugit, omnis, est'),
(103, 'Καθόλου! φώναξε ο Αντώνης και την.', 'Εκδόσεις Παπαδόπουλος', '9792853284928', 536, 'Πάμε μέσα να τη δει, επικύρωσε η Αλεξάνδρα. Ο Αλέξανδρος, που δεν τα έχασε· έχει γερό κεφάλι η Αλεξάνδρα: - Εμείς δε ρωτούμε τίποτα τη θεία Μαριέτα. - Τ\' ακούω, είπε ήσυχα ο πατέρας. Και είπε: «Πώς θ\' ανησύχησαν οι άνθρωποι που τον ήθελε ο.', 13, 'https://via.placeholder.com/400x600.png/003311?text=aut', 'French', 'ab, et, veniam'),
(104, 'Πάει! Πάει!.', 'Random House', '9783437735974', 729, 'Αχ, το καημένο! αναφώνησε η θεία. Και το ξύλο της θείας. Ήταν ένας μικρός που έτρεχε και ξεσκλάβωνε όλους! Μα ήλθε ένας μεγάλος, που δεν καταλάβαινε τα ελληνικά, και τον Αλέκο, που, βγαίνοντας, ξανάκλεισε την πόρτα. Κοίταξε ο.', 2, 'https://via.placeholder.com/400x600.png/007755?text=commodi', 'Greek', 'consequatur, eveniet, ipsum'),
(105, 'Δεν είχε τύχη σήμερα. Λόγια και.', 'Grasset', '9797083739859', 745, 'Έσπασα όλες τις στάμνες του Μπαρμπαγιάννη Κανατά, μα ούτε ήξερε ούτε ο Γιάννης τα γέλια! Τα πράματα ήταν πολύ άσχημα, προπάντων που δεν είχε όμως και πολλή αγριότητα: - Το καημένο! είπε πονόψυχα. Η κερα-Ρήνη έφυγε τρεχάτη, σκεπάζοντας τ\' αυτιά της, και δε δαγκώνει! Και ντροπιασμένος.', 3, 'https://via.placeholder.com/400x600.png/00cc33?text=sint', 'Greek', 'consequatur, omnis, cupiditate, rerum'),
(106, 'Η Κατίνα και η Πουλουδιά.', 'Grasset', '9788532926630', 429, 'Αντώνης όρθιος και ξαναπολέμησε όλο τον πρωινό καφέ και κατάφερε να ξεμοναχιάσει τον Αντώνη, είπε χαμηλόφωνα, εσύ δεν ξέρεις τίποτα. - Εγώ αύριο θα πάγω ίσια στη θεία του που λιγότερο τρυφερά τον Αντώνη και περίμεναν με σηκωμένο το κεφάλι τού έκανε κείνη νόημα πως κατάλαβε και ξαναμπήκε σα.', 9, 'https://via.placeholder.com/400x600.png/00aa55?text=voluptatem', 'French', 'adipisci, quod'),
(107, 'Αλέξανδρος.', 'Εκδόσεις Ψυχογιός', '9788165743925', 669, 'Αντώνη και είπε κι ένα παλικάρι έριξε ένα παιδί που νοίκιαζε κολοκύθες, για να είναι κι έμεινε με το κεφάλι του! Η παρατήρηση.', 20, 'https://via.placeholder.com/400x600.png/00aa88?text=dolores', 'Italian', 'minus'),
(108, 'Αφού ήταν ψέματα! έκανε ο Αντώνης! Τι έκανε η.', 'Garzanti', '9794525701986', 408, 'Λες ανοησίες! - Ναι! Τους είδαμε! είπε η θεία σου! Δεν ήθελε να του φυσήξει... Και παίρνοντας ένα χάρτινο.', 3, 'https://via.placeholder.com/400x600.png/004466?text=reprehenderit', 'Italian', 'molestiae, qui, quos, sed, assumenda'),
(109, 'Ε! Αυτή δεν έχει η τρέλα.', 'Scholastic', '9784606090979', 661, 'Θαμπωμένα τον κοίταζαν τώρα με αναφιλητά. - Αχ, μαμά μου, μαμά μου, γιατί δε μας δέρνει ποτέ. Κι εκείνος του αποκρίθηκε: «Τα φορώ, όπως και συ πέτρες; ρώτησε.', 16, 'https://via.placeholder.com/400x600.png/0033cc?text=inventore', 'French', 'molestiae, dolorem, nihil'),
(110, 'Πουλουδιά και πρόσθεσε: - Άλλη φορά να.', 'Galaxia Gutenberg', '9790382007537', 125, 'Πουλουδιά! - Ποτέ! - Ναι, φαντάσου! Γέλασε! επανέλαβε καταστενοχωρεμένη η μεγάλη αδελφή. Μα η κουβέντα δεν ικανοποίησε τον Αλέξανδρο που συλλογισμένος εξακολουθούσε να μαζεύει το ζουμί, γιατί η θεία μπήκε μέσα προσεκτικά και στάθηκε ντροπιασμένος, διστακτικός για τη.', 9, 'https://via.placeholder.com/400x600.png/001122?text=exercitationem', 'German', 'officiis'),
(111, 'Άκουε η Αλεξάνδρα, που τα.', 'Mondadori', '9784128786572', 588, 'Τα δυο αδέλφια μαζί: «Μπάρμπαγιάννη με τις μαριολιές σου! Ξεκαρδίστηκε η Κλειώ. Είναι εξάδελφος μας κι έπεσε μες στη σιωπή που ακολούθησε, ξέσπασε στα κλάματα, όρμησε προς.', 4, 'https://via.placeholder.com/400x600.png/001155?text=perferendis', 'English', 'cumque, assumenda, ullam, dicta, repellat'),
(112, 'Αλεξάνδρας! Με το χέρι της και άνοιξε το.', 'Feltrinelli', '9784670844676', 176, 'Το ξέρω, είπε ακατάδεχτα ο Αντώνης. Είναι ντροπιασμένα μπισκότα. Η Πουλουδιά δεν είχε φαντασθεί ως εκείνη την ώρα να βγάλει τις μουντζούρες και τα χέρια του Αντώνη, προπάντων που η μεγάλη, σαν κυρία πια, Κατίνα, την ήθελε.', 6, 'https://via.placeholder.com/400x600.png/0055cc?text=rerum', 'Greek', 'qui'),
(113, 'Από πάνω.', 'Grupo Santillana', '9793341405351', 180, 'Αλέξανδρος: - Γιατί βγήκες έξω, Αντώνη, επανέλαβε η Αλεξάνδρα, όταν, μετά το μακελειό ήταν οι ως χθες συγυρισμένες και λουλουδοσπαρμένες πρασιές στα ριζότοιχα της αυλής·.', 8, 'https://via.placeholder.com/400x600.png/00aa00?text=tenetur', 'French', 'aliquam, nesciunt, et, deserunt, ea'),
(114, 'Αντώνη που πάλευε με την Αλεξάνδρα.', 'Garzanti', '9792562883061', 310, 'Πάμε να δούμε! αναφώνησε η Πουλουδιά. Έβγαλε ο Αντώνης και του έβαλε τα πόδια του Αντώνη, το ξεκόλλησε από τη δική μας. Η Αλεξάνδρα και είπε, σαστισμένη.', 1, 'https://via.placeholder.com/400x600.png/004466?text=pariatur', 'Greek', 'quo, molestiae, praesentium, deserunt, quia'),
(115, 'Και πρέπει να μάθει να είναι ζαβολιάρα!.', 'Simon & Schuster', '9783282191918', 601, 'Θαμπωμένα τον κοίταζαν και όλο τα \'βγαζε πέρα και δεν τόλμησε να επαναλάβει τη λέξη, μα τα γύρισε μπρος πίσω η θεία στο κρεβάτι της, με τα δυο χέρια της και κοίταξε η Πουλουδιά και μισοκρύφθηκε πίσω από το θυμό του.', 6, 'https://via.placeholder.com/400x600.png/00ee00?text=non', 'German', 'unde'),
(116, 'Αλέξανδρος.', 'Hachette Book Group', '9786332452441', 759, 'Αλέξανδρος όμως, χωρίς να καταλαβαίνει τι έλεγαν. Και της είπε κείνος. Κοίταξε τι μακριά που φαίνεται η θάλασσα από δω... Να και τα τέσσερα, όρθια, θαμπωμένα, κοίταζαν τον Γιάννη. Τους είδε αυτός και ακατάδεχτος, ακουμπισμένος στον τοίχο, και.', 15, 'https://via.placeholder.com/400x600.png/004477?text=sit', 'English', 'consequuntur, rerum, et, distinctio'),
(117, 'Πασαλιμάνι, ο Αντώνης βαστούσε... -τι.', 'Siruela', '9798843224509', 232, 'Αντώνης, μισοχαρούμενος, μισοντροπιασμένος για το χαρτί που τραβούσες! Αυτό είναι το αγαπημένο μου φαγί! είπε μελαγχολικά ο Αντώνης. Συλλογίζουνταν. Ύστερα είπε: - Πες το, δε με μέλει που τρυπήθηκα, είπε, μόνο που μας έδειξε ό θείος τον τάφο του, και όλο κουνούσε τα δάχτυλα.', 7, 'https://via.placeholder.com/400x600.png/007700?text=qui', 'French', 'aut'),
(118, 'Δε λεν στους ανθρώπους «μπορείς να.', 'Εκδόσεις Κλειδάριθμος', '9784892443541', 343, 'Αντώνη πως ο διάβολος το σταυρό, σκάζει! Ο Γιάννης γύρισε. - Τι με θέλεις; ρώτησε. - Για να δούμε αν τρυπά η βελόνα, έκανε βάζοντας το χέρι της στο τραπέζι με τον άγκωνά του. - Και ποιος σου έριξε την πέτρα; Μα ο Γιάννης και είπε: - Γιατί.', 12, 'https://via.placeholder.com/400x600.png/001188?text=et', 'Greek', 'aut, ratione'),
(119, 'Τα δυο μεγάλα κορίτσια, η Κατίνα, η.', 'Siruela', '9790320689191', 679, 'Σκουλαρίκια, ε; είπε ο βασιλέας! Είπε να τον βοηθήσεινα σηκωθεί, του πρόσταξε στο αυτί: - Μην τις έβαλε μέσα κατσίκες; επανέλαβε. Και φώναξε: - Πουλουδιά! Να τον βοηθήσομε!.', 15, 'https://via.placeholder.com/400x600.png/003344?text=temporibus', 'Greek', 'corrupti, maiores, labore, et'),
(120, 'Σας έδερνε και αυτή; - Όχι.', 'Éditions du Seuil', '9790872188241', 372, 'Και ξαφνικά, πάλι, θυμωμένη ανέβηκε η θεία Αργίνη. - Και ο Αντώνης; Με τα χέρια ενωμένα ανάμεσα στα γόνατα του και άρχισε κι.', 14, 'https://via.placeholder.com/400x600.png/00ffff?text=fugiat', 'German', 'est, eos, aut, aspernatur, placeat'),
(121, 'Αφροδίτη, κερα-Ρήνη.', 'Εκδόσεις Μεταίχμιο', '9788871184739', 624, 'Σωριασμένος στα γόνατα, ακουμπισμένος στον τοίχο και ρώτησε: - Πούλησες τα σκουλαρίκια σου; - Όχι! Μα παρατήρησα πως κάθε φορά που την έκανε και θριαμβευτικά γύρισε στον Αντώνη, που του αρέσει του.', 20, 'https://via.placeholder.com/400x600.png/00dd77?text=dolores', 'French', 'vitae, impedit, totam'),
(122, 'Δυο μαντέρια, από την ατμάκατο στη μια βάρκα.', 'Mondadori', '9797829260395', 745, 'Η Πουλουδιά έκανε άλλους δυο πήδους. - Μα σας τηλεγράφησαν! Το δικό μας τηλεγράφημα λέγει: «Ειδοποιούμεν Ζωρζήν». Η θεία είπε να ράψω το κοχλάδι στο μαξιλαράκι και να.', 10, 'https://via.placeholder.com/400x600.png/00ff22?text=dolor', 'French', 'voluptatem, ut, libero, ipsum, consectetur'),
(123, 'Ζωρζή, που σε χάιδευαν και χέρια μαλακά σα.', 'Penguin Random House', '9798223906223', 524, 'Και χάβετε ό,τι κολοκύθια σας πουν! Ο Αντώνης τέντωνε το λαιμό της. Αυτό και αν το \'λεγε και η καρδιά του βούλιαξε στα παπούτσια του. Έριξε μια λοξή ματιά στ\' αδέλφια της. Τα γόνατα μου κουράστηκαν τόσο, που κόντευα να.', 15, 'https://via.placeholder.com/400x600.png/005522?text=voluptatum', 'Italian', 'ea, quod, similique, eos, et'),
(124, 'Αφροδίτη. Μεγάλο σούσουρο έγινε στο.', 'Éditions Stock', '9780378299435', 344, 'Του έκανε μαριόλικα το μάτι τους σε μια καρέγλα, την έστησε κοντά της και μαζεύθηκε ντροπαλή πάλι η θεία: «Μια μέλισσα... με τσίμπησε μια μέλισσα!...» και όλοι οι Χριστιανοί! Από τη στέγη. Δεν το ήξεραν.', 18, 'https://via.placeholder.com/400x600.png/0099ee?text=et', 'French', 'occaecati, id, omnis, doloremque, inventore'),
(125, 'Εγώ όμως.', 'Grasset', '9780493218359', 78, 'Πουλουδιάς. Δεν ήταν τρόπος να το κάνει! είπε η μαγείρισσα μας, που της ήλθε στο σπουδαστήριο η.', 16, 'https://via.placeholder.com/400x600.png/0011bb?text=est', 'French', 'natus, fugit, maxime'),
(126, 'Την εξέτασε, ζούλησε.', 'Actes Sud', '9786738880060', 122, 'Να πεις του Μπαρμπαγιάννη νύχτωσε πριν το καταλάβω και δεν ήθελαν πια να μπαίνεις εδώ μέσα... Μα την αποπήρε: - Ποιος σου είπε ο Αλέξανδρος. - Ναι, είμαι Ελληνίδα, είπε ντροπαλά η.', 15, 'https://via.placeholder.com/400x600.png/009999?text=eligendi', 'Italian', 'ut, voluptatum, repudiandae'),
(127, 'Και είπε ο Αντώνης.', 'Random House Germany', '9790265329213', 461, 'Κοντοστάθηκε ο Αντώνης από τα κλάματα, πετάχθηκε έξω από τη μια βάση πάνω στην άλλη, μήπως τις.', 0, 'https://via.placeholder.com/400x600.png/00bbaa?text=rem', 'Spanish', 'aut'),
(128, 'Κατσίκες; Έσκυψε να δει τα.', 'Grasset', '9790435643163', 249, 'Μαριέτα, που δεν έπρεπε να ξαναμπεί στην αυλή... και πάλι ορθώνουνταν μεμιάς και χτυπούσε απανωτά τις πλάκες με τακούνια και μύτες, πλακαπλάκ, πλακαπλάκ, πλακ, πλακ! Θαμπωμένα τον κοίταζαν.', 12, 'https://via.placeholder.com/400x600.png/00ff11?text=et', 'German', 'excepturi, dicta, voluptatem, officia'),
(129, 'Ας ερχόταν.', 'Actes Sud', '9789952683592', 214, 'Ναι, είπε η Πουλουδιά. - Πού είναι η Αλίς; ρώτησε αργά. Ο θείος Ζωρζής βγήκε στην αυλή του βασιλέα. Δεν είναι αλήθεια, Αντώνη; - Ουφ, πάμε να το πει της Πουλουδιάς και άλλες τόσες στσυ.', 5, 'https://via.placeholder.com/400x600.png/0011cc?text=aspernatur', 'French', 'nisi, ipsum, ipsam, excepturi'),
(130, 'Γύρευε να πηδήξει από πάνω από την.', 'Εκδόσεις Ελληνικά Γράμματα', '9780615098326', 528, 'Δεν πρέπει να είναι γενική, αδιάκοπη και αμείλικτη, χωρίς όμως και ο Αντώνης, γιατί η θεία που ήλθε η θεία;» Μα όχι. Όλα ήταν σιωπηλά και σκοτεινά. Σιωπηλά τρύπωσε κι αυτός στο διάδρομο και από μια πηγή, όπου βάλανε μια βρύση. Και είναι με τον εμετό που.', 8, 'https://via.placeholder.com/400x600.png/004466?text=et', 'Spanish', 'fugiat, deserunt, modi, molestiae'),
(131, 'Άγια. Εδώ... Πρώτον εδώ είναι.', 'Groupe Éditorial L\'Express', '9797744797150', 282, 'Και θέλησε ο Αλέξανδρος πάντα θα μας ντροπιάζει... μουρμούρισε η Πουλουδιά. - Τι έκανες; της είπε μ\' ενθουσιασμό.', 9, 'https://via.placeholder.com/400x600.png/004433?text=eaque', 'Italian', 'eum'),
(132, 'Αφροδίτη. - Τίποτα. Μα.', 'Εκδόσεις Μεταίχμιο', '9796618050964', 622, 'Μ\' αυτή ούτε τον κοίταζε. - Το ξέρω κι εγώ έτρεξα να σας φυλάγει, κοτζάμ παιδιά; Η απρόοπτη αυτή μπόρα, που από την άλλη, καταπώς έπαιρναν το λόγο του και με την Πουλουδιά που, μ\'.', 13, 'https://via.placeholder.com/400x600.png/00cc00?text=ea', 'French', 'recusandae, quia');
INSERT INTO `book` (`Book_ID`, `Title`, `Publisher`, `ISBN`, `Number_of_pages`, `Summary`, `Available_copies`, `Image`, `Language`, `Keywords`) VALUES
(133, 'Φαντάσου να έλεγαν του πατέρα: «Βάλε.', 'Simon & Schuster', '9786079528508', 305, 'Ας ήσουν εδώ! είπε ο Αντώνης. Η Πουλουδιά σφούγγισε τα μάτια της... πωπώ, τα μάτια του στα παράθυρα και, με τα λόγια του θείου, που πλάκωνε σφιχτά ένα ασημένιο τάλιρο απάνω στη μελανιά του. - Σηκώθηκε με στραβό ποδάρι σήμερα η Αλίς Χορν ξερή; ρώτησε ο Αντώνης. Λες κουταμάρες.', 9, 'https://via.placeholder.com/400x600.png/001133?text=quibusdam', 'French', 'qui, vitae'),
(134, 'Πώς το ξέρεις πως το \'κανε ο.', 'Éditions du Seuil', '9785449915863', 632, 'Γιατί; Τι έκανε η Πουλουδιά. Έχομε δουλειά! Μα η κερα-Ρήνη είπε πως, για να μπει στη μύτη του ο θείος γιατρός.', 2, 'https://via.placeholder.com/400x600.png/00ff66?text=fuga', 'Greek', 'est'),
(135, 'Μα δε βρήκε. - Τι ναι.', 'Éditions Stock', '9787359886639', 794, 'Μου πουλά σκουλαρίκια! Είδε η Αφροδίτη και φοβέρισε πως θα \'ρθεις με τα χέρια στις τσέπες, στριφογύρισε στο τακούνι του, σφύριξε το «Ω λυγηρόν και.', 3, 'https://via.placeholder.com/400x600.png/0000dd?text=quo', 'Spanish', 'debitis, aliquid, fugit, architecto'),
(136, 'Αλεξάνδρα και του ύπνου.', 'Actes Sud', '9789242718515', 623, 'Να πάρουν τον πίσω δρόμο. Να μπουν μπροστά τα κορίτσια και κάθισαν στο χώμα να συνέλθουν. Ωστόσο είχε συνέλθει και η Πουλουδιά παίρνοντας το χέρι της στην εξαδέλφη της, πήγε παρακάτω. Ένιωσε βαριά η Πουλουδιά και λίγη.', 19, 'https://via.placeholder.com/400x600.png/004400?text=maxime', 'French', 'ad, harum, voluptatem'),
(137, 'Ο Αλέκος γέλασε.', 'Cambridge University Press', '9797751999288', 203, 'Αντώνης. Κρίμα! Τον λυπήθηκε η Αλεξάνδρα στον τοίχο κι έπεσε μες στη βάρκα, όταν σας έπαιρνε η θάλασσα... Του ήλθε να φιλήσει τον Αντώνη. Και ρώτησε: - Να.', 1, 'https://via.placeholder.com/400x600.png/00bbaa?text=officia', 'Spanish', 'neque, consequuntur, aspernatur, quisquam'),
(138, 'Ντον, μόνο δυο μικρά κατέβαιναν κι.', 'Groupe Éditorial L\'Express', '9792984615134', 128, 'Μα δεν προσέχεις! του φώναξε η Πουλουδιά. - Τι είναι αυτές οι ξένες, τέτοιες ψευτιές λεν κι έτσι τυραννούν τα παιδιά! Δεν πνίγηκαν, γιατί.', 10, 'https://via.placeholder.com/400x600.png/00dd22?text=molestiae', 'German', 'quod, debitis, aut'),
(139, 'Τη λέξη όμως «ψέματα» κανένα απ\' τ\'.', 'Roca Editorial', '9790197913207', 285, 'Αλέξανδρου, που κάθουνταν φρόνιμα σ\' ένα φάκελο, είπε, και είναι αργά. Με τη μαρίδα, χαλάλι του, και ύστερα το σταυρό της Πουλουδιάς, να τη μάθεις και σ\' όλες τις στάμνες του.', 0, 'https://via.placeholder.com/400x600.png/007766?text=non', 'French', 'nesciunt, libero, dicta, quod, consectetur'),
(140, 'Ο πατέρας απαγορεύει να ζητούμε χρήματα, είπε.', 'Grupo Santillana', '9787166452973', 647, 'Μα είδες; Είδες τι έκανες; Έριξες κάτω την ελληνική σημαία! Αυτή η τελευταία κατηγορία έπεσε σαν μπαλτάς στο κεφάλι σε δαγκάσει ο σκύλος, τόσο πιο δεν.', 12, 'https://via.placeholder.com/400x600.png/00ff66?text=aut', 'Italian', 'et'),
(141, 'Βέβαια... αφού θα.', 'Marsilio Editori', '9782125268817', 772, 'Στάσου, μπρε παιδί μου, ποιος σ\' έγδαρε έτσι; Η Πουλουδιά έτρεμε από ανησυχία, μα το είδα όταν τον κοίταξε η Πουλουδιά και, πιάνοντας το πιγούνι έδειξε ο Αντώνης το ναυτικό κολάρο του. Τον τράβηξε ο Αντώνης με την μπλου μπάλα τη Λουκία, όλοι σπρώχνοντας και σκουντουφλώντας.', 8, 'https://via.placeholder.com/400x600.png/0077cc?text=dolor', 'German', 'est'),
(142, 'Αντώνη! Τι θα πει αυτή, σαν.', 'Siruela', '9786089036475', 703, 'Ντον και άρχισε να στήνει πάλι όρθιους τους στρατιώτες του, πατώντας τη μια φαβορίτα στην άλλη. Πήρε από την τροχιά του.', 13, 'https://via.placeholder.com/400x600.png/006600?text=ducimus', 'English', 'earum'),
(143, 'Και να ποτίσω.', 'Actes Sud', '9791885770485', 195, 'Ο Στάμος; Θυμάσαι συ τώρα τι έκανε τη σοβαρή και κουβέντιαζε με την Εγγλέζα δασκάλα του, έμενε πίσω, έκανε ελιγμούς, έβρισκε διάφορες προφάσεις για να υποστηρίξει ο ένας τον άλλο, τους λίγους πια ήρωες του Αλέξανδρου. Το.', 2, 'https://via.placeholder.com/400x600.png/000077?text=tempora', 'German', 'accusantium, unde, qui, corrupti, quia'),
(144, 'Μ\' αψηφώντας την αδελφή του, τρεχάτος κατέβηκε.', 'Albin Michel', '9796470389462', 167, 'Και να βλέπεις, λίγο παραπέρα, τόσες βάρκες δεμένες στην ξηρά, ο Αλέκος όλα τα παντζούρια και κεφάλια.', 7, 'https://via.placeholder.com/400x600.png/00ccdd?text=autem', 'English', 'consequatur, est, minima, et, aut'),
(145, 'Ο Αντώνης είχε.', 'Cambridge University Press', '9781190316492', 324, 'Όχι! αποκρίθηκε ο Αντώνης. - Μα δε χάρηκε καθόλου. Απεναντίας κατσούφιασε και τράβηξε με όλη του την πόρτα. Τα δυο μεγάλα κορίτσια, η Κατίνα, η Πουλουδιά, που με πάθος παρακολουθούσε τις.', 8, 'https://via.placeholder.com/400x600.png/00aa44?text=sit', 'Greek', 'laudantium, sequi, iusto, dolores'),
(146, 'Αντώνη, στέγνωσε το κλαμένο πρόσωπο.', 'Dumont Verlag', '9788438131435', 110, 'Αλεξάνδρα και είπε, τάχα αδιάφορα: - Ήμουν μικρός σαν τα έλεγα αυτά. Τώρα που είμαι μεγάλος λέγω πως είπε ψέματα! Και τα \'πιασε με τα δυο κουπιά. Μ\' αν έλθεις και δε θέλει ποτέ να μας βγάλει στη μέση του και πλάγι του.', 3, 'https://via.placeholder.com/400x600.png/005522?text=ipsa', 'Greek', 'facere, tempora'),
(147, 'Αλέκος, σκασμένος στα γέλια. Να λυπηθείτε πως.', 'Alfaguara', '9781451711165', 350, 'Πουλουδιά στάθηκε, την καλοκοίταξε και, πιάνοντας το χείλι του ανάμεσα στον αντίχειρα και στο βάθος μια στέρνα μαρμαρένια για νερό. Η.', 19, 'https://via.placeholder.com/400x600.png/0000cc?text=in', 'Spanish', 'assumenda, debitis, laboriosam'),
(148, 'Αποκρίθηκε η Πουλουδιά, μα ξέρω ένα.', 'Feltrinelli', '9787966990699', 202, 'Εσύ δεν πας ποτέ στο Ζάππειο, στας Αθήνας; - Όχι, δεν έχει η τρέλα του. Πιάστηκε, λέει, σε πετροπόλεμο με χαμίνια του δρόμου με κανένα μαδημένο.', 9, 'https://via.placeholder.com/400x600.png/00bbaa?text=non', 'Italian', 'voluptas, earum, officiis, et'),
(149, 'Ούτε τα θέλω ούτε ο Αλέξανδρος την παιδαγωγική.', 'Fischer Verlag', '9782508503825', 784, 'Έκανε τούμπες τρεις στη σειρά της. - Έχει κι έναν κουβά νερό. - Το ξέρω, είπε. Ο Μαξ κι εγώ τώρα! Μα φταίει ο Μπαρμπαγιάννης Κανατάς ψηλό καπέλο και τα χέρια του: - Φαίνονται πολύ άσχημα τα ρούχα του. - Δε θα γδυθώ μπροστά σας! Και πάλι η γρουσουζιά εξακολούθησε. Ενώ.', 17, 'https://via.placeholder.com/400x600.png/0099ff?text=animi', 'French', 'reprehenderit, inventore, ab, esse, accusantium'),
(150, 'Πουλουδιάς και άλλες σπασμένες, με.', 'Anagrama', '9785634129396', 368, 'Έκανες, ξέρεις, Αντώνη, μιαν άσχημη πράξη, όταν πείραξες το μουσαφίρη αυτόν στη θρησκεία του, δηλαδή σε ό,τι έχει πιο ιερό! Γιατί το έκανες αυτό; ρώτησε ο Αντώνης: - Μπούφο! Και τι φταίγω εγώ, σα θέλουν οι μικροί να κάνουν πόλεμο κι.', 9, 'https://via.placeholder.com/400x600.png/00bb66?text=et', 'Spanish', 'voluptas, beatae, nisi, ipsam, ut'),
(151, 'Αλέξανδρου.', 'Giunti Editore', '9784652920886', 376, 'Αραπίνα με προβατίσια μαύρα μαλλιά και στα σχολεία... Του έκανε μαριόλικα το μάτι τους σε μια βάρκα και από κείνον κρέμουνταν να πει ή να μην πλησιάσει. - Σσσστ! έκανε. Μια σαυρίτσα! Και κατεβάζοντας τελευταία φορά που άκουαν τέτοια ηθική. Και.', 15, 'https://via.placeholder.com/400x600.png/00ee00?text=qui', 'Italian', 'qui'),
(152, 'Δε θα σταθώ! Και δε στάθηκε καθόλου. Και.', 'HarperCollins', '9797138663689', 516, 'Την Αφροδίτη. - Από πού μας είδες; ρώτησε ο Αντώνης: - Είσαι κακιά γυναίκα! Και αυτό τα κατέστρεψε όλα. Καλύτερα να το ζητήσει; Σε παρακάλια δεν ξέπεφτε κανένα από τα χέρια.', 11, 'https://via.placeholder.com/400x600.png/006644?text=voluptatem', 'French', 'nulla, animi'),
(153, 'Κάτσε μια στιγμή, νόμισαν πως.', 'Galaxia Gutenberg', '9780223319318', 89, 'Αλέξανδρος. Και σου βουτύρωσε και το πρόσωπο σου στον καθρέφτη! Φουρκισμένη πήγε κείνη στο νιφτήρα, έχυσε νερό στη λεκάνη και, αποφεύγοντας τον καθρέφτη μπροστά της, βιαστικά σαπούνισε χέρια.', 16, 'https://via.placeholder.com/400x600.png/00ccaa?text=laborum', 'English', 'aliquid, vel, sequi, sapiente, non'),
(154, 'Τι έκανα, θείε; - Σκότωσες την.', 'Εκδόσεις Ιανός', '9796405158903', 690, 'Έξαφνα η ήσυχη αυλή αναστατώθηκε. Γαβγίσματα, φυσίγματα, φωνές και γέλια, από τη σκάλα της βεράντας και τσάκιζαν στην κουπαστή της πλαγιασμένη ως το παράθυρο της κουζίνας άνοιξε και το χθεσινό του αμάρτημα απέναντι του αξιωματικού. Η Αλεξάνδρα στενοχωρέθηκε. Τι σαλάτα την.', 11, 'https://via.placeholder.com/400x600.png/00ff33?text=architecto', 'English', 'sit, voluptates'),
(155, 'Αντώνης την πρόλαβε πριν.', 'Éditions Stock', '9780274760428', 620, 'Εκείνο το απόγεμα στης θείας Αργίνης! Μου το είπε της Αφροδίτης να μην το ξανακάνει. Και σα χαμήλωσε ο ήλιος και δρόσισε, συγκινημένη από τόση φρονιμάδα, πήγε και ήλθε η Αλίς σ\' ένα βράχο, με τα ίδια της τα δώσω. - Να τον φιλήσει κορίτσι!.', 12, 'https://via.placeholder.com/400x600.png/005511?text=numquam', 'Italian', 'adipisci, molestiae, distinctio, et'),
(156, 'Σήκωσε τον Αντώνη, που του.', 'Εκδόσεις Πολιτεία', '9798519739931', 741, 'Αλέξανδρου, που και αυτό διορθώνουνταν, βεβαίωνε ο Αντώνης, είναι πετειναράκι, και πιάνοντας τον από το βεστόνι του και ανεβοκατέβασε το σγουρό του κεφάλι και στο βασιλέα και με μακριές καστανές μουστάκες, ρώτησε: - Μα, θείε, οι Εβραίοι δεν είναι.', 5, 'https://via.placeholder.com/400x600.png/0000ee?text=consequuntur', 'English', 'enim, veniam, quibusdam, quidem, animi'),
(157, 'Στάσου ν\'.', 'Hachette Livre', '9796992210909', 795, 'Άνοιξε ο Αλέξανδρος με ανακούφιση, σαν είδε πως γελούσαν οι αξιωματικοί, που ο Αλέξανδρος εμάς τις δυο! - Μα μια μέλισσα... είπε φουριαστά ο Αλέξανδρος, που το είπε ο.', 7, 'https://via.placeholder.com/400x600.png/008811?text=unde', 'Spanish', 'velit, ea, aut, aut, adipisci'),
(158, 'Αλεξάνδρα. - Μήπως πήγε στης Αλίς; Εβραίοι.', 'Piper Verlag', '9793020427629', 203, 'Πουλουδιά, Αλέξανδρε, αμέσως βγάλτε τα καπέλα σας. Θα σας πάγω στην κυρία! φώναξε η Πουλουδιά. Δες τι σας φέρνω! Θριαμβευτικά άνοιξε τα χέρια στις τσέπες, είχε βγει και αυτή κατά λίγους μήνες την ηλικία της. Και τώρα που πέρασε ο.', 13, 'https://via.placeholder.com/400x600.png/000088?text=voluptas', 'Greek', 'itaque, qui'),
(159, 'Γιάννης; ρώτησε.', 'Hachette Livre', '9794225252047', 745, 'Αντώνης. - Αχ, Αντώνη, τι θα κάνομε; ψιθύρισε η Αλεξάνδρα στην τραπεζαρία και καταπόντιζαν τη σκάλα της βεράντας και τσάκιζαν στην κουπαστή και κλοτσούσε το ξύλινο περίφραγμα. - Εσείς πότε το μάθατε; ρώτησε ο Γιάννης. Μα σε τι χάλια! Τα μαλλιά σου ακάμωτα; Πήγαινε.', 14, 'https://via.placeholder.com/400x600.png/006677?text=sed', 'Greek', 'dicta, officia, a'),
(160, 'Αντώνη, που η Αλίς πολύ.', 'Marsilio Editori', '9796626611997', 308, 'Να, είπε ο βασιλέας. Ο Αντώνης δε συνήθιζε να παραπονιέται για πόνο. Κοίταξε απάνω, κάτω, μην περνά κανένας γνωστός στο δρόμο και από κει στο δρόμο. Έφυγε με το πιρούνι ν\' αναποδογυρίζει τους κεφτέδες μες στο κουτί τους, και.', 10, 'https://via.placeholder.com/400x600.png/003377?text=ea', 'Italian', 'nam, sint, corporis'),
(161, 'Πουλουδιά; Με χείλια που έτρεμαν είπε η Αφροδίτη.', 'HarperCollins', '9786902494246', 137, 'Δεν πάγω! είπε ο Αντώνης δεν αγαπούσε τις αισθηματολογίες, ούτε τις τύψεις και τις βάρκες που είχαν μπλέξει σε πετροπόλεμο με μια.', 11, 'https://via.placeholder.com/400x600.png/003377?text=in', 'Greek', 'omnis, vel'),
(162, 'Αντώνη! Τι έπαθες; - Τίποτα. Μα.', 'Heyne Verlag', '9786387048323', 478, 'Φυσούσε μελτέμι δυνατό. Σκυμμένος στο παράθυρο ή έβγαιναν κάθε λίγο την ισορροπία του κι έβγαλε από μέσα από την κάμαρα τους; - Εγώ ήθελα να πάγω, είπε. Με τα δυο χέρια γυρεύοντας να ξεφύγει από το απογεματιανό κακό. Η αταξία του Αντώνη χαμήλωνε, χαμήλωνε. Όσο ένιωθε το φόβο της σαύρας και από τα.', 7, 'https://via.placeholder.com/400x600.png/005599?text=facilis', 'Greek', 'labore, necessitatibus, eum, explicabo'),
(163, 'Είχαμε πει να σκοτώσει τον Ντον. Και είπε ο.', 'Bompiani', '9788043458071', 771, 'Μα την ίδια απάντηση. - Τι; Δε σε μέλει; αναφώνησε ο Αντώνης. - Να τον φιλήσει κορίτσι! Και μπρος στ\' αδέλφια του σαν απόλυτος άρχοντας, ως την ώρα που βούρκωνε η μαμά. Μα ο Αντώνης μια τρικλοποδιά στο σιδερένιο.', 4, 'https://via.placeholder.com/400x600.png/006688?text=voluptas', 'Italian', 'corrupti, ullam, dolor, tempore'),
(164, 'Και ήταν αλήθεια.', 'Fischer Verlag', '9780443120329', 290, 'Και σεις οι δυο, τι κάνατε όλη μέρα; Ο Αντώνης γύρισε στην Πουλουδιά. - Τι ανοησίες! είπε πάλι ο Αλέξανδρος, έτοιμος να τις φάγει. - Πωπώ! αναφώνησε σαν τ\' άκουσε η Αλεξάνδρα.', 2, 'https://via.placeholder.com/400x600.png/00ee55?text=tenetur', 'Greek', 'aliquid, accusantium, ea, reprehenderit, harum'),
(165, 'Θα μάθει να είναι.', 'Heyne Verlag', '9784806280996', 206, 'Τι θες, Πουλουδιά; Με χείλια που έτρεμαν είπε η Αλεξάνδρα. - Γιατί, αν ήταν πιο μικρή από τους Έλληνες; Και πώς μπορούν οι Έλληνες είναι πρόστυχοι. Εγώ δεν ήθελα να της μιλήσω. - Κι εγώ την είδαμε. - Κι εγώ θα τα φάγω μονάχη! Ο Αντώνης τράβηξε.', 13, 'https://via.placeholder.com/400x600.png/004444?text=dolores', 'Italian', 'quia, ea, odio, eos, occaecati'),
(166, 'Και τι πειράζει; Η μαμά είπε: «Δεν.', 'Suhrkamp Verlag', '9783995551597', 369, 'Και η θεία «λεμόνι... λεμόνι...» και τίναζε το χέρι του γύρω στο γυαλί, πριν φύγει! Ποιος το παραδέχεται; Μια μέρα που τον λατρεύομε μεις, τον έχουν\' αυτοί για προφήτη. Και μερικοί απ\' αυτούς γέλασαν και τρεις φορές και είπε στον καθένα χωριστά: - Καλησπέρα! Το.', 16, 'https://via.placeholder.com/400x600.png/007733?text=cupiditate', 'Italian', 'rerum, nemo, aut, iusto, in'),
(167, 'Η φούστα της ήταν.', 'Le Dilettante', '9799419928418', 134, 'Μα ήταν μόνο αυτό, μα που τώρα, λέει, άλλαξε γνώμη. Της είπε πως θέλει όλο το ωραίο υπερήφανο βήμα του.', 11, 'https://via.placeholder.com/400x600.png/00cc88?text=ipsa', 'Greek', 'ut'),
(168, 'Αντώνης: - Εγώ... εγώ δεν ξέρω πώς.', 'Bompiani', '9794165947102', 539, 'Αλέξανδρος κάθουνταν στο τραπέζι και το παιχνίδι έγινε τρελό και γενικό. Και ξαφνικά πέταξε τα μπισκότα σου! πρόσθεσε η Πουλουδιά. - Δική μου σειρά και τελείωσε! φώναξε θριαμβευτικά ο Αντώνης. - Μα, εσείς, φώναξε έξω φρενών, σηκώνοντας απειλητικά τη γροθιά του; εσείς.', 17, 'https://via.placeholder.com/400x600.png/001111?text=voluptatem', 'English', 'enim, sint, et, tenetur, ipsa'),
(169, 'Τρεχάτη και λαχανιασμένη ανέβηκε και η.', 'Anagrama', '9796038557074', 106, 'Πουλουδιάς και απότομα την έσυρε στην πόρτα, τη στιγμή ακούστηκε η φωνή του. - Πώς τόλμησες... άρχισε η Πουλουδιά, ενθουσιασμένη που βρήκε μια κουβέντα να κάνει με το πιρούνι ν\' αναποδογυρίζει.', 0, 'https://via.placeholder.com/400x600.png/0000ee?text=sed', 'Spanish', 'vel'),
(170, 'Μην τρέχεις, Αντώνη, χώσου κοντά.', 'Gallimard', '9797451595650', 182, 'Αντώνης το παραστατικό του και στέκουνταν ο βασιλέας και γέλασε και της είπε: - Όταν πουλά στάμνες, δε φορεί παπούτσια, είπε, και δε θα σε δείρει! Με αδιαφορία σήκωσε ο Αντώνης τίποτε άλλη φορά. Και σώπασε. Και μπήκαν μέσα τ\' αδέλφια της. - Έχει.', 5, 'https://via.placeholder.com/400x600.png/007711?text=maiores', 'Italian', 'modi'),
(171, 'Και όταν.', 'Εκδόσεις Ψυχογιός', '9799809972342', 467, 'Και τη μαστοριά σου φρόντισες να τη θυμούμαι, λέει, εξακολούθησε η Πουλουδιά, μα ξέρω ένα φράγκικο. - Τι τρέχει; ρώτησε λίγο μουδιασμένος. Ο θείος Ζωρζής κάπνιζε ειρηνικά το ναργιλέ και κατάλαβε αμέσως, μα δεν.', 11, 'https://via.placeholder.com/400x600.png/005544?text=laboriosam', 'English', 'provident, error, qui, eum'),
(172, 'Εκεί αναστέναξε. Η τιμωρία.', 'Penguin Random House', '9787191782298', 800, 'Το \'λεγε και η Πουλουδιά. - Ναι. - Μα πώς μπορούν οι Έλληνες να σκοτώνουν Έλληνες; ρώτησε ο Γιάννης ήταν άπιστος Θωμάς, που και αυτό ήταν αδικία. Γιατί, σα μάλωνε η.', 5, 'https://via.placeholder.com/400x600.png/0044cc?text=consequatur', 'Spanish', 'repellat, tempora, voluptatum'),
(173, 'Και τι είπε ο Αντώνης. - Ναι. Μα.', 'Flammarion', '9787652097404', 209, 'Ακόμα και ο πατέρας στη βεράντα να περιμένομε το θείο Γιώργη από το χεράκι της θείας Αργίνης, μια σκάλα από αγόρια και κορίτσια όλων των ηλικιών, από δεκαπέντε χρονών ως δύο. Τα δυο μικρά, ο Αλέξανδρος την ιστορία, με πολλά φ φ φ φ... και θ θ θ.', 12, 'https://via.placeholder.com/400x600.png/00ee44?text=expedita', 'Italian', 'temporibus'),
(174, 'Γιάννης: - Θα.', 'Εκδόσεις Πατάκη', '9781953340184', 796, 'Μα βρήκε αμέσως για ποιο λόγο δεν το ήξερε. Και στέκουνταν τώρα σα φονιάς εμπρός στο βασιλικό τραπέζι. Πετάχθηκε πάνω ο Ντον σήκωσε το τραπέζι κι έσπρωξε τον Αντώνη που κάθουνταν γύρω σ\' ένα παλούκι και τράβηξε. Ναι, ήταν ο Χριστός, ίσως.', 13, 'https://via.placeholder.com/400x600.png/00bb11?text=autem', 'German', 'molestiae, quidem, esse, vel, aut'),
(175, 'Γιάννη τι είπες μια μέρα.', 'Grupo Santillana', '9785650612568', 212, 'Τι ωραία που περάσαμε! Έλα κι συ, Αντώνη, στης θείας Αργίνης! Μου το είπε ο Αντώνης. Και δεν ήξερε με ποιον να πάγει. Γιατί η Αλεξάνδρα και είπε, σαστισμένη ακόμα από την ξελιγωμένη Πουλουδιά, κατέβηκε.', 2, 'https://via.placeholder.com/400x600.png/0011aa?text=illo', 'English', 'veniam, distinctio, et, aut'),
(176, 'Πάμε στην αυλή. Μόλις είχε φθάσει στο.', 'Hachette Livre', '9784791044450', 695, 'Αμέσως στη σοφίτα! πρόσταξε η Αφροδίτη. Και ρίχνοντας την ποδιά της στο τραπέζι κι έσπρωξε τον Αντώνη τον έκανε δειλό, ντροπαλό, προπάντων τα τρία αδέλφια περίμεναν, συγκινημένα, τα καλά της.', 2, 'https://via.placeholder.com/400x600.png/00dd88?text=doloribus', 'French', 'quos, velit, quam, quia, ipsa'),
(177, 'Ράις; Τα τέσσερα αδέλφια να.', 'Flammarion', '9794566543347', 767, 'Ζωρζής επίσης. Μα η Πουλουδιά και τον μίσησαν και τον φίλησε. Απ\' όλους, η Αλεξάνδρα την Πουλουδιά για βοήθεια. Μα έλα που ο.', 5, 'https://via.placeholder.com/400x600.png/0022ee?text=modi', 'Greek', 'in, iste'),
(178, 'Αντώνη! Τι έπαθες; Έπεσες; επανέλαβε όλο.', 'Εκδόσεις Ελληνικά Γράμματα', '9789488069624', 616, 'Αντώνη; ρώτησε η Αλίς. Γιατί; Τι έκανε η Πουλουδιά. Εκτός, ναι, μόνο σαν έτρεχαν τα αίματα... - Καλέ, δε λες πως δεν της τα είπε η Αλεξάνδρα. - Όχι πολύ, αποκρίθηκε ο Αντώνης πότε δεξιά το τιμόνι και, με τα δυο χέρια τής έγνεψε ο θείος, μη θυμώσουμε πάλι τη θεία.', 0, 'https://via.placeholder.com/400x600.png/003333?text=inventore', 'Spanish', 'nisi, quam, facere, laudantium, assumenda'),
(179, 'Πες το, δε με μέλει! επανέλαβε. Και φώναξε.', 'Εκδόσεις Ιανός', '9798362092627', 92, 'Άνοιξε η μύτη του στην τσέπη, σκαρφάλωσε στη γαζία, το παρατηρητήρι του έβλεπε τα Χορνόπουλα, τα φώναζε ποτέ· έβγαινε στην είσοδο, είδε τη σκάλα με τον αδελφό της, νιώθοντας πως ο Μπαρμπαγιάννης Κανατάς! Στάθηκε μια στιγμή και.', 10, 'https://via.placeholder.com/400x600.png/00ff99?text=sed', 'Italian', 'voluptas, necessitatibus, earum, perspiciatis'),
(180, 'Παναγιές κάθονται και παίζουν.', 'Macmillan Publishers', '9798201288761', 357, 'Αλεξάνδρα, τι έκανε τη θεία που, κόκκινη και αναμμένη, έλεγε και ξανάλεγε. Δεν πάει, είναι αδικία! Και με το γδαρμένο.', 8, 'https://via.placeholder.com/400x600.png/002222?text=quibusdam', 'Greek', 'sit, repellat'),
(181, 'Εσύ θα σταθείς εκεί, σ\' αυτή την ιστορία. Η.', 'Le Dilettante', '9788350760805', 198, 'Ντον. Ο ένοχος κάθουνταν παρακάτω και μασούλιζε ένα κόκαλο. Η Αφροδίτη φαίνουνταν πολύ τρομαγμένη.', 13, 'https://via.placeholder.com/400x600.png/0077ff?text=quia', 'English', 'ipsa, quaerat, sunt, et, amet'),
(182, 'Ποιος την έσπασε; ρώτησε ο.', 'Hachette Book Group', '9789268688397', 113, 'Χριστό! Ο Αντώνης θα διάλεγε το ξύλο της θείας. - Τι τρέχει; - Ποιον δάγκασε ο σκύλος του βασιλέα με την Πουλουδιά, που είχε γίνει είδος μουσαμάς. Βίασε το βήμα του και χάνουνταν στο γύρισμα της σκάλας. - Δεν πάει αυτή! αντιφώναξε.', 13, 'https://via.placeholder.com/400x600.png/008888?text=suscipit', 'English', 'suscipit, iste, in'),
(183, 'Και τώρα την έχασαν.', 'Heyne Verlag', '9788019443490', 373, 'Και σαν τον ρωτούσαν. Και τον είδε όρθιο στην άλλη άκρη της κάμαρας, εμπρός στην Κατίνα και η μέρα μόλις αρχίζει! Στη βεράντα, σαν έφθασαν, ήταν κόσμος. Η Κατίνα και η.', 5, 'https://via.placeholder.com/400x600.png/00cc22?text=libero', 'Greek', 'ut, nobis'),
(184, 'Τότε καλύτερα να.', 'Anagrama', '9780453452250', 522, 'Μα, πάλι, να είναι Τούρκοι οι στρατιώτες σου ή Τούρκοι! Αφού οι δικοί σου! - Λαμπρά! Σαν τη θεία Μαριέτα, σαν πάντα, στην κουνιστή μαύρη της πολυθρόνα, ο θείος Ζωρζής χαϊδεύοντας τις φαβορίτες του και είπε: - Κάποιοθθθ μάγεπθε τη θεία, και δε.', 13, 'https://via.placeholder.com/400x600.png/0077dd?text=cupiditate', 'French', 'odit, et'),
(185, 'Και ύστερα μου είπε: «Θα σου τα πουλώ!.', 'Rowohlt Verlag', '9798943284663', 149, 'Εκτός αν βρέξει, πρόσθεσε, και τότε αυτές επαναστατούσαν. Ο Αλέξανδρος ντράπηκε πολύ. Μα πάλι τον ανήφορο.', 4, 'https://via.placeholder.com/400x600.png/000000?text=temporibus', 'English', 'in, nisi, in'),
(186, 'Χωρατεύεις κιόλα μαζί του, λυτά, ελεύθερα.', 'Hachette Livre', '9784824501998', 418, 'Αντώνης. Πού η Κρήτη! Η Κρήτη θα ελευθερωθεί μόνη της! Αυτή δεν ήταν η πιο μεγάλη; Και τι πειράζει; Η μαμά το είπε η Κλειώ μας περιμένουν... Και ξεκίνησε το βαρύ λαντό και ο κρότος σκέπασε τη φωνή της.', 11, 'https://via.placeholder.com/400x600.png/004488?text=commodi', 'English', 'neque, sed, et, placeat, nostrum'),
(187, 'Δεν πρέπει να μάθει της.', 'Garzanti', '9798187159482', 475, 'Και ο Αντώνης, για να σκεπάσει τα τρία αδέλφια ήταν στα κρεβάτια τους, με καρδιόχτυπο ξεχώρισαν οι δυο και είπε η Μαρούσα μας το είπε. Και στάθηκε η Πουλουδιά.', 10, 'https://via.placeholder.com/400x600.png/0044cc?text=nostrum', 'German', 'occaecati, alias'),
(188, 'Αμέ τότε; - Έτσι! Δε μ\' αρέσει η θέση.', 'Groupe Éditorial L\'Express', '9794506604756', 269, 'Μπαρμπαγιάννη Κανατά να πάρει τη στάση του βασιλέα και... Μα να πει η θεία; Βιαστικά, ψιθυριστά έκαναν συμβούλιο στα σκοτεινά. - Ήθελα να ξέρω, είπε η θεία. - Ναι, μα ο Αντώνης πως θα του πω πως έκανες μια ζαβολιά. Έλα, πες το! επανέλαβε. Μα.', 12, 'https://via.placeholder.com/400x600.png/005566?text=aut', 'French', 'asperiores, commodi, rerum'),
(189, 'Σα να μη στάξουν.', 'Heyne Verlag', '9799327805214', 381, 'Μα δεν ήξερε πότε έφυγε η μις Μέι. Και το \'βαλε ο Αντώνης γυρεύοντας να τη δω και θα γίνει νεροποντή. Μα, ω του θαύματος, η Πουλουδιά γυρεύοντας μάταια να πάρει πίσω τα λόγια.', 15, 'https://via.placeholder.com/400x600.png/00bbbb?text=doloribus', 'Spanish', 'nobis, voluptatibus, officiis, facere'),
(190, 'Και τρέξαν οι άλλοι καλόγεροι.', 'Macmillan Publishers', '9793222671707', 402, 'Αντώνης, είναι πετειναράκι, και πιάνοντας την κουπαστή του μπαλκονιού, άρχισε να θυμώνει. Με τα χέρια της Πουλουδιάς είχε πέσει ξαφνικά, άρχιζε να κλαίει. Πέρασε βιαστικά ο Αλέξανδρος. - Να έλθομε; ρώτησε.', 8, 'https://via.placeholder.com/400x600.png/00ffff?text=animi', 'Spanish', 'facilis, quidem, eius, quas'),
(191, 'Την πρώτη στιγμή.', 'Siruela', '9795369867029', 204, 'Ελεήστε! Πνίγονται τα παιδιά! Και το παιχνίδι και μπήκε μέσα η θεία, που του έδιναν, απέναντι των.', 12, 'https://via.placeholder.com/400x600.png/008855?text=id', 'Italian', 'quia, possimus, autem, explicabo'),
(192, 'Πιάστηκε ο.', 'Piper Verlag', '9784344501782', 625, 'Μπορεί να ήταν σωστό αυτό που συνέβηκε! Να είστε βέβαιος πως δεν πονεί το χέρι του Αλέξανδρου. Ο αγώνας δε βάσταξε στον πειρασμό. Πιάστηκε στην πλώρη και.', 7, 'https://via.placeholder.com/400x600.png/00aadd?text=ut', 'Italian', 'doloribus, aliquid'),
(193, 'Σου πουλώ τα σκουλαρίκια της.', 'Ediciones Salamandra', '9799813043403', 184, 'Τούρκος; ρώτησε η Αλεξάνδρα, η μεγάλη βασιλοπούλα, που κυνηγούσε το τόπι της, πλησίασε ν\' ακούσει. Τσιμουδιά... - Παιδιά; έκανε.', 5, 'https://via.placeholder.com/400x600.png/00ee33?text=pariatur', 'Spanish', 'aliquam, natus, quia, voluptatum, veritatis'),
(194, 'Πουλουδιά τα.', 'Fischer Verlag', '9790291435018', 699, 'Κρίμα! είπε πικρά ο Αντώνης. Προσέξτε μη σας φύγει! Πάτησαν τα κορίτσια και θαύμαζαν. Άκουε ο Αλέξανδρος πίσω. Τον άκουσε η Αφροδίτη. Έλα μέσα.', 15, 'https://via.placeholder.com/400x600.png/002288?text=provident', 'Spanish', 'aut, et, ipsa, culpa, ab'),
(195, 'Αντώνη, αταξίες και αβαρίες; ρώτησε.', 'Suhrkamp Verlag', '9797119106105', 123, 'Κιαμεδέ! επανέλαβε κοροϊδευτικά ο Αντώνης. - Δεν ξέρω, αποκρίθηκε η Αλεξάνδρα. Πού να φανταστώ πως, μόλις λύσω το σκοινί, θα φύγουν όλα, στάμνες και κανάτια! - Και πρώτον, είπε, ο Κέρβερος είναι δικό μας σκυλί. - Και αμέ.', 13, 'https://via.placeholder.com/400x600.png/008811?text=magni', 'Spanish', 'ratione'),
(196, 'Και το χέρι να βοηθήσει.', 'Penguin Books', '9793964677425', 70, 'Τι έκανες! φώναξε ο Αλέξανδρος. Εμείς είπαμε να πάμε όλοι μας! είπε η Αλεξάνδρα. Το ίδιο βράδυ! - Μα είναι το χρυσό βραχιόλι της κούκλας της, για να μη φάγει αυτός ξύλο, παρέδιδε όλους τους θησαυρούς της τσέπης του κι έπεσε μπρος στο.', 9, 'https://via.placeholder.com/400x600.png/00cc55?text=et', 'German', 'et, sint, dolorem, consequatur, natus'),
(197, 'Και τράβηξε το αυτί! Και δεν το ήξερε.', 'Bompiani', '9786937866100', 675, 'Της είπε πως πονεί το χέρι ξαναγύρισε προς το μπαλκόνι. - Μην τις έβαλε μέσα ο θείος Γιώργης: - Στάσου, Αντώνη... ψιθύρισε η.', 9, 'https://via.placeholder.com/400x600.png/00dd00?text=veniam', 'Italian', 'ratione, officia, qui, quaerat, praesentium'),
(198, 'Παρακαλώ! Παρακαλώ!.', 'Random House Germany', '9783916732777', 546, 'Αλέκος. - Και η Πουλουδιά, θα χρειάζουνταν ψαλίδι... Κι έχασα το δικό του το επαναλάβει η θεία Μαριέτα: - Να τον βοηθήσομε! Τρομαγμένη έτρεξε και η Αφροδίτη και να \'σαι καπετάνιος!» σκέφθηκε με λαχτάρα. Ήταν άραγε δύσκολο να μπεις μέσα; Και μπορούσες να.', 13, 'https://via.placeholder.com/400x600.png/003388?text=quia', 'German', 'illo, sunt'),
(199, 'Μήπως προτιμάς.', 'Mondadori', '9797510554185', 760, 'Ζωρζή! Τρέχα, ο Αντώνης κοντά του και, αγκαλιάζοντας την για δεύτερη φορά σύκα. Κακόκεφα, γρινιάρικα άφησε την Αφροδίτη και είπε: - Θα σου κόψουν το δάχτυλο, Αντώνη! Πώς θα πολεμήσομε; Ή Έλληνες θα είναι οι.', 16, 'https://via.placeholder.com/400x600.png/000000?text=est', 'Greek', 'neque, impedit'),
(200, 'Για τ\' αδέλφια θαύμασαν. Τι.', 'Εκδόσεις Ελληνικά Γράμματα', '9799855574088', 85, 'Αλέξανδρο, που φορούσε ένα παλιωμένο πλατύγυρο καπέλο. Στα μαλλιά και το στρατηγό, τον κάθισε στο πρόγευμα και είδε πως τον είχε περιγελάσει. Ξέρεις και κανένα άλλο ξενικό να μας κάνεις κι έχεις δεμένο το κεφάλι... Κοίταξε με! Ποιος σου.', 15, 'https://via.placeholder.com/400x600.png/0077cc?text=aut', 'Spanish', 'voluptas, molestias');

--
-- Άδειασμα δεδομένων του πίνακα `book_author`
--

INSERT INTO `book_author` (`Author_ID`, `Book_ID`) VALUES
(1, 55),
(1, 93),
(1, 117),
(1, 148),
(2, 66),
(3, 52),
(4, 132),
(4, 173),
(5, 54),
(5, 81),
(5, 91),
(5, 111),
(5, 167),
(6, 47),
(6, 60),
(6, 72),
(6, 73),
(6, 77),
(6, 103),
(6, 140),
(6, 185),
(7, 62),
(7, 83),
(7, 93),
(7, 198),
(8, 87),
(8, 127),
(8, 162),
(8, 190),
(9, 49),
(9, 85),
(9, 128),
(9, 142),
(9, 150),
(9, 155),
(9, 169),
(9, 199),
(10, 3),
(10, 65),
(10, 144),
(10, 198),
(11, 8),
(11, 25),
(11, 53),
(11, 73),
(11, 84),
(11, 143),
(11, 161),
(11, 176),
(12, 3),
(12, 11),
(12, 31),
(12, 72),
(12, 137),
(12, 186),
(13, 20),
(13, 38),
(13, 152),
(13, 157),
(13, 163),
(13, 174),
(13, 175),
(14, 26),
(14, 48),
(14, 154),
(14, 170),
(14, 173),
(14, 179),
(14, 199),
(15, 98),
(15, 123),
(15, 126),
(15, 138),
(15, 187),
(16, 67),
(16, 143),
(16, 152),
(17, 26),
(17, 43),
(17, 99),
(17, 100),
(17, 140),
(18, 106),
(18, 116),
(18, 134),
(18, 171),
(18, 178),
(18, 191),
(19, 32),
(19, 66),
(19, 175),
(19, 183),
(19, 199),
(20, 79),
(20, 105),
(20, 200),
(21, 8),
(21, 17),
(21, 25),
(21, 37),
(21, 117),
(21, 131),
(21, 144),
(21, 165),
(22, 4),
(22, 35),
(22, 94),
(22, 147),
(23, 29),
(23, 200),
(24, 2),
(24, 19),
(24, 22),
(24, 24),
(24, 42),
(24, 142),
(24, 155),
(25, 67),
(25, 101),
(25, 103),
(25, 133),
(25, 158),
(26, 75),
(26, 95),
(26, 181),
(27, 152),
(27, 193),
(28, 21),
(28, 34),
(28, 85),
(28, 91),
(28, 109),
(28, 115),
(28, 149),
(29, 79),
(29, 186),
(30, 42),
(30, 96),
(30, 178),
(31, 10),
(31, 30),
(31, 59),
(31, 106),
(31, 128),
(32, 68),
(32, 94),
(32, 189),
(33, 12),
(33, 33),
(33, 76),
(33, 151),
(33, 153),
(33, 156),
(34, 65),
(34, 124),
(34, 126),
(34, 137),
(35, 63),
(35, 177),
(35, 193),
(36, 166),
(37, 61),
(37, 102),
(37, 134),
(37, 135),
(38, 80),
(38, 93),
(38, 119),
(38, 128),
(39, 2),
(40, 27),
(40, 42),
(40, 114),
(40, 132),
(41, 117),
(41, 138),
(41, 182),
(42, 43),
(42, 94),
(42, 112),
(42, 141),
(42, 159),
(42, 160),
(43, 6),
(43, 39),
(43, 75),
(44, 166),
(44, 197),
(45, 5),
(45, 48),
(45, 54),
(45, 133),
(46, 13),
(46, 24),
(46, 40),
(46, 61),
(46, 81),
(46, 102),
(46, 104),
(47, 32),
(47, 123),
(47, 139),
(47, 177),
(48, 61),
(48, 75),
(48, 191),
(48, 200),
(49, 108),
(49, 118),
(49, 145),
(49, 153),
(50, 55),
(50, 125),
(50, 162),
(51, 132),
(51, 167),
(51, 179),
(52, 10),
(52, 16),
(53, 33),
(53, 38),
(53, 72),
(53, 83),
(53, 112),
(54, 63),
(54, 142),
(54, 145),
(54, 160),
(54, 188),
(55, 34),
(55, 110),
(55, 155),
(55, 165),
(55, 188),
(56, 62),
(56, 91),
(56, 98),
(57, 27),
(58, 7),
(58, 51),
(59, 51),
(59, 74),
(59, 108),
(59, 134),
(60, 3),
(60, 58),
(60, 121),
(60, 124),
(60, 154),
(60, 195),
(61, 63),
(61, 82),
(61, 121),
(61, 145),
(61, 196),
(62, 77),
(62, 107),
(62, 129),
(63, 31),
(63, 69),
(63, 79),
(63, 125),
(63, 146),
(64, 7),
(64, 23),
(64, 99),
(64, 198),
(65, 50),
(65, 56),
(65, 90),
(65, 112),
(66, 49),
(66, 99),
(66, 111),
(66, 139),
(66, 184),
(67, 28),
(67, 87),
(67, 89),
(67, 125),
(67, 163),
(68, 24),
(68, 102),
(68, 141),
(69, 39),
(69, 71),
(69, 89),
(70, 162),
(70, 168),
(71, 4),
(71, 20),
(71, 92),
(71, 122),
(71, 161),
(71, 194),
(72, 48),
(72, 57),
(72, 70),
(72, 73),
(72, 137),
(72, 140),
(72, 146),
(72, 178),
(72, 195),
(73, 13),
(73, 14),
(73, 15),
(73, 60),
(73, 88),
(74, 12),
(74, 18),
(74, 60),
(74, 164),
(74, 170),
(75, 15),
(75, 116),
(76, 70),
(76, 121),
(76, 131),
(76, 136),
(78, 47),
(79, 5),
(79, 113),
(79, 164),
(80, 45),
(81, 1),
(81, 6),
(81, 26),
(81, 160),
(82, 33),
(82, 126),
(82, 179),
(83, 69),
(83, 127),
(84, 20),
(84, 146),
(85, 1),
(85, 44),
(85, 47),
(86, 98),
(87, 29),
(87, 64),
(87, 74),
(88, 89),
(88, 108),
(88, 130),
(88, 170),
(89, 62),
(89, 70),
(89, 78),
(89, 114),
(90, 15),
(90, 36),
(90, 41),
(90, 45),
(90, 52),
(90, 166),
(91, 7),
(91, 36),
(91, 76),
(91, 120),
(91, 157),
(91, 169),
(92, 14),
(92, 88),
(92, 97),
(93, 8),
(93, 55),
(93, 95),
(93, 122),
(93, 195),
(94, 9),
(94, 43),
(94, 116),
(94, 169),
(95, 12),
(95, 23),
(95, 32),
(95, 100),
(95, 192),
(96, 9),
(96, 164),
(96, 172),
(96, 180),
(97, 14),
(97, 144),
(98, 96),
(98, 123),
(99, 9),
(99, 39),
(99, 86),
(99, 120),
(99, 139),
(99, 175),
(99, 186),
(100, 46),
(100, 51);

--
-- Άδειασμα δεδομένων του πίνακα `book_category`
--

INSERT INTO `book_category` (`Category_ID`, `Book_ID`) VALUES
(1, 2),
(1, 6),
(1, 7),
(1, 16),
(1, 17),
(1, 18),
(1, 22),
(1, 25),
(1, 27),
(1, 31),
(1, 33),
(1, 34),
(1, 40),
(1, 50),
(1, 53),
(1, 58),
(1, 64),
(1, 77),
(1, 90),
(1, 91),
(1, 93),
(1, 98),
(1, 111),
(1, 120),
(1, 125),
(1, 126),
(1, 129),
(1, 134),
(1, 146),
(1, 150),
(1, 155),
(1, 156),
(1, 160),
(1, 166),
(1, 167),
(1, 170),
(1, 173),
(1, 178),
(1, 181),
(1, 184),
(1, 190),
(1, 191),
(1, 193),
(1, 199),
(2, 2),
(2, 4),
(2, 6),
(2, 11),
(2, 12),
(2, 26),
(2, 28),
(2, 32),
(2, 39),
(2, 51),
(2, 52),
(2, 54),
(2, 63),
(2, 72),
(2, 78),
(2, 85),
(2, 89),
(2, 91),
(2, 93),
(2, 95),
(2, 108),
(2, 125),
(2, 131),
(2, 132),
(2, 144),
(2, 145),
(2, 148),
(2, 152),
(2, 155),
(2, 158),
(2, 159),
(2, 163),
(2, 174),
(2, 175),
(2, 190),
(2, 192),
(2, 200),
(3, 4),
(3, 8),
(3, 14),
(3, 17),
(3, 19),
(3, 22),
(3, 28),
(3, 39),
(3, 42),
(3, 46),
(3, 55),
(3, 56),
(3, 73),
(3, 75),
(3, 80),
(3, 81),
(3, 84),
(3, 92),
(3, 98),
(3, 105),
(3, 110),
(3, 115),
(3, 118),
(3, 124),
(3, 126),
(3, 130),
(3, 133),
(3, 134),
(3, 140),
(3, 176),
(3, 178),
(3, 195),
(4, 1),
(4, 3),
(4, 13),
(4, 14),
(4, 18),
(4, 19),
(4, 21),
(4, 23),
(4, 25),
(4, 36),
(4, 38),
(4, 40),
(4, 41),
(4, 44),
(4, 66),
(4, 67),
(4, 71),
(4, 74),
(4, 82),
(4, 83),
(4, 86),
(4, 87),
(4, 88),
(4, 100),
(4, 103),
(4, 108),
(4, 109),
(4, 118),
(4, 123),
(4, 124),
(4, 128),
(4, 137),
(4, 140),
(4, 142),
(4, 149),
(4, 153),
(4, 157),
(4, 161),
(4, 164),
(4, 168),
(4, 169),
(4, 173),
(4, 179),
(4, 181),
(4, 185),
(4, 188),
(4, 194),
(4, 200),
(5, 26),
(5, 27),
(5, 28),
(5, 35),
(5, 41),
(5, 45),
(5, 47),
(5, 69),
(5, 70),
(5, 79),
(5, 84),
(5, 90),
(5, 101),
(5, 104),
(5, 106),
(5, 113),
(5, 122),
(5, 133),
(5, 134),
(5, 135),
(5, 137),
(5, 139),
(5, 147),
(5, 149),
(5, 152),
(5, 153),
(5, 161),
(5, 175),
(5, 180),
(5, 182),
(5, 194),
(5, 198),
(6, 7),
(6, 12),
(6, 21),
(6, 32),
(6, 34),
(6, 49),
(6, 51),
(6, 60),
(6, 81),
(6, 84),
(6, 100),
(6, 107),
(6, 111),
(6, 115),
(6, 116),
(6, 138),
(6, 141),
(6, 144),
(6, 151),
(6, 165),
(6, 171),
(6, 172),
(6, 176),
(6, 180),
(6, 183),
(6, 197),
(6, 198),
(6, 200),
(7, 1),
(7, 3),
(7, 4),
(7, 6),
(7, 8),
(7, 9),
(7, 10),
(7, 15),
(7, 17),
(7, 23),
(7, 29),
(7, 30),
(7, 37),
(7, 49),
(7, 51),
(7, 54),
(7, 55),
(7, 61),
(7, 65),
(7, 66),
(7, 68),
(7, 70),
(7, 77),
(7, 82),
(7, 88),
(7, 92),
(7, 96),
(7, 98),
(7, 99),
(7, 101),
(7, 103),
(7, 112),
(7, 114),
(7, 115),
(7, 116),
(7, 117),
(7, 127),
(7, 129),
(7, 133),
(7, 136),
(7, 141),
(7, 145),
(7, 154),
(7, 155),
(7, 156),
(7, 159),
(7, 171),
(7, 172),
(7, 173),
(7, 174),
(7, 177),
(7, 182),
(7, 186),
(7, 187),
(7, 189),
(8, 10),
(8, 20),
(8, 21),
(8, 24),
(8, 25),
(8, 32),
(8, 38),
(8, 48),
(8, 50),
(8, 53),
(8, 57),
(8, 60),
(8, 62),
(8, 65),
(8, 66),
(8, 72),
(8, 76),
(8, 82),
(8, 83),
(8, 85),
(8, 87),
(8, 88),
(8, 91),
(8, 96),
(8, 103),
(8, 117),
(8, 119),
(8, 121),
(8, 131),
(8, 137),
(8, 142),
(8, 143),
(8, 150),
(8, 156),
(8, 171),
(8, 178),
(8, 179),
(8, 180),
(8, 186),
(8, 195),
(8, 197),
(9, 1),
(9, 2),
(9, 5),
(9, 8),
(9, 10),
(9, 12),
(9, 15),
(9, 23),
(9, 30),
(9, 35),
(9, 38),
(9, 44),
(9, 59),
(9, 60),
(9, 63),
(9, 64),
(9, 70),
(9, 74),
(9, 94),
(9, 104),
(9, 108),
(9, 109),
(9, 111),
(9, 112),
(9, 118),
(9, 126),
(9, 130),
(9, 131),
(9, 132),
(9, 135),
(9, 144),
(9, 152),
(9, 159),
(9, 162),
(9, 163),
(9, 165),
(9, 167),
(9, 170),
(9, 174),
(9, 175),
(9, 187),
(9, 193),
(9, 195),
(9, 196),
(10, 7),
(10, 14),
(10, 18),
(10, 31),
(10, 37),
(10, 40),
(10, 41),
(10, 42),
(10, 43),
(10, 54),
(10, 56),
(10, 64),
(10, 68),
(10, 69),
(10, 75),
(10, 85),
(10, 86),
(10, 87),
(10, 97),
(10, 99),
(10, 102),
(10, 109),
(10, 120),
(10, 139),
(10, 142),
(10, 146),
(10, 149),
(10, 150),
(10, 153),
(10, 158),
(10, 165),
(10, 166),
(10, 181),
(10, 185),
(10, 188),
(10, 189);

--
-- Άδειασμα δεδομένων του πίνακα `book_libraryoperator`
--

INSERT INTO `book_libraryoperator` (`LibraryOperator_ID`, `Book_ID`) VALUES
(1, 4),
(1, 5),
(1, 7),
(1, 10),
(1, 14),
(1, 15),
(1, 20),
(1, 24),
(1, 25),
(1, 27),
(1, 30),
(1, 31),
(1, 33),
(1, 35),
(1, 36),
(1, 37),
(1, 40),
(1, 41),
(1, 44),
(1, 48),
(1, 49),
(1, 50),
(1, 51),
(1, 54),
(1, 55),
(1, 56),
(1, 58),
(1, 61),
(1, 66),
(1, 70),
(1, 71),
(1, 74),
(1, 80),
(1, 81),
(1, 83),
(1, 88),
(1, 89),
(1, 94),
(1, 101),
(1, 102),
(1, 103),
(1, 111),
(1, 112),
(1, 116),
(1, 117),
(1, 118),
(1, 121),
(1, 123),
(1, 125),
(1, 131),
(1, 137),
(1, 138),
(1, 139),
(1, 142),
(1, 144),
(1, 145),
(1, 150),
(1, 151),
(1, 155),
(1, 158),
(1, 163),
(1, 164),
(1, 168),
(1, 173),
(1, 177),
(1, 178),
(1, 179),
(1, 180),
(1, 186),
(1, 190),
(1, 193),
(1, 196),
(2, 1),
(2, 4),
(2, 6),
(2, 9),
(2, 10),
(2, 11),
(2, 14),
(2, 16),
(2, 17),
(2, 19),
(2, 22),
(2, 25),
(2, 26),
(2, 29),
(2, 31),
(2, 32),
(2, 37),
(2, 38),
(2, 39),
(2, 41),
(2, 42),
(2, 43),
(2, 44),
(2, 45),
(2, 47),
(2, 55),
(2, 58),
(2, 59),
(2, 63),
(2, 66),
(2, 68),
(2, 75),
(2, 76),
(2, 78),
(2, 79),
(2, 83),
(2, 88),
(2, 96),
(2, 101),
(2, 105),
(2, 110),
(2, 113),
(2, 117),
(2, 118),
(2, 119),
(2, 120),
(2, 121),
(2, 125),
(2, 126),
(2, 127),
(2, 128),
(2, 130),
(2, 133),
(2, 144),
(2, 148),
(2, 150),
(2, 151),
(2, 161),
(2, 162),
(2, 163),
(2, 170),
(2, 171),
(2, 175),
(2, 176),
(2, 180),
(2, 182),
(2, 183),
(2, 184),
(2, 187),
(2, 188),
(2, 196),
(2, 198),
(2, 199),
(2, 200),
(3, 3),
(3, 5),
(3, 9),
(3, 17),
(3, 32),
(3, 34),
(3, 40),
(3, 46),
(3, 51),
(3, 53),
(3, 63),
(3, 64),
(3, 65),
(3, 67),
(3, 72),
(3, 88),
(3, 89),
(3, 93),
(3, 97),
(3, 99),
(3, 109),
(3, 113),
(3, 116),
(3, 122),
(3, 124),
(3, 127),
(3, 129),
(3, 132),
(3, 141),
(3, 148),
(3, 149),
(3, 151),
(3, 162),
(3, 164),
(3, 166),
(3, 169),
(3, 171),
(3, 172),
(3, 182),
(3, 184),
(3, 185),
(3, 193),
(3, 194),
(3, 196),
(3, 197),
(3, 198),
(4, 7),
(4, 8),
(4, 11),
(4, 14),
(4, 15),
(4, 20),
(4, 22),
(4, 24),
(4, 27),
(4, 36),
(4, 37),
(4, 38),
(4, 39),
(4, 43),
(4, 46),
(4, 50),
(4, 51),
(4, 52),
(4, 53),
(4, 54),
(4, 55),
(4, 62),
(4, 66),
(4, 69),
(4, 71),
(4, 72),
(4, 78),
(4, 81),
(4, 82),
(4, 84),
(4, 86),
(4, 90),
(4, 91),
(4, 95),
(4, 96),
(4, 97),
(4, 98),
(4, 99),
(4, 102),
(4, 104),
(4, 108),
(4, 117),
(4, 119),
(4, 120),
(4, 123),
(4, 124),
(4, 125),
(4, 128),
(4, 129),
(4, 134),
(4, 140),
(4, 142),
(4, 147),
(4, 149),
(4, 150),
(4, 153),
(4, 158),
(4, 167),
(4, 170),
(4, 172),
(4, 174),
(4, 177),
(4, 183),
(4, 186),
(4, 187),
(4, 188),
(4, 192),
(4, 199),
(4, 200),
(5, 4),
(5, 6),
(5, 7),
(5, 12),
(5, 13),
(5, 16),
(5, 18),
(5, 20),
(5, 21),
(5, 23),
(5, 24),
(5, 25),
(5, 28),
(5, 29),
(5, 32),
(5, 44),
(5, 45),
(5, 46),
(5, 49),
(5, 52),
(5, 56),
(5, 60),
(5, 64),
(5, 70),
(5, 71),
(5, 79),
(5, 85),
(5, 86),
(5, 87),
(5, 92),
(5, 96),
(5, 97),
(5, 100),
(5, 101),
(5, 105),
(5, 107),
(5, 108),
(5, 111),
(5, 114),
(5, 116),
(5, 118),
(5, 119),
(5, 120),
(5, 127),
(5, 128),
(5, 132),
(5, 135),
(5, 143),
(5, 144),
(5, 146),
(5, 156),
(5, 159),
(5, 161),
(5, 166),
(5, 177),
(5, 178),
(5, 185),
(5, 189),
(5, 190),
(6, 2),
(6, 5),
(6, 10),
(6, 17),
(6, 21),
(6, 27),
(6, 31),
(6, 40),
(6, 48),
(6, 52),
(6, 57),
(6, 58),
(6, 59),
(6, 60),
(6, 62),
(6, 64),
(6, 72),
(6, 73),
(6, 74),
(6, 76),
(6, 77),
(6, 80),
(6, 81),
(6, 82),
(6, 83),
(6, 86),
(6, 94),
(6, 103),
(6, 105),
(6, 106),
(6, 108),
(6, 111),
(6, 113),
(6, 115),
(6, 122),
(6, 124),
(6, 130),
(6, 132),
(6, 135),
(6, 136),
(6, 139),
(6, 145),
(6, 152),
(6, 154),
(6, 156),
(6, 157),
(6, 158),
(6, 160),
(6, 161),
(6, 164),
(6, 165),
(6, 168),
(6, 171),
(6, 172),
(6, 173),
(6, 175),
(6, 176),
(6, 180),
(6, 181),
(6, 182),
(6, 184),
(6, 187),
(6, 190),
(6, 191),
(6, 192),
(6, 193),
(6, 194),
(6, 195),
(6, 197),
(6, 198);

--
-- Άδειασμα δεδομένων του πίνακα `borrowing`
--

INSERT INTO `borrowing` (`Borrowing_ID`, `Borrowing_Date`, `Return_Date`, `Returned`, `User_ID`, `LibraryOperator_ID`, `Book_ID`) VALUES
(1, '2023-01-28', '2023-02-04', 0, 57, 1, 193),
(2, '2023-01-20', '2023-01-27', 0, 79, 6, 197),
(3, '2022-12-19', '2022-12-26', 1, 51, 4, 71),
(4, '2022-10-25', '2022-11-01', 1, 67, 1, 48),
(5, '2022-09-11', '2022-09-18', 1, 71, 2, 76),
(6, '2022-12-13', '2022-12-20', 0, 68, 4, 102),
(7, '2023-01-23', '2023-01-30', 1, 23, 6, 197),
(8, '2023-03-26', '2023-04-02', 1, 42, 4, 53),
(9, '2022-06-15', '2022-06-22', 1, 11, 1, 70),
(10, '2022-12-09', '2022-12-16', 1, 85, 5, 60),
(11, '2022-07-28', '2022-08-04', 1, 35, 2, 37),
(12, '2023-03-24', '2023-03-31', 1, 44, 2, 144),
(13, '2022-06-29', '2022-07-06', 1, 3, 3, 124),
(14, '2023-01-21', '2023-01-28', 0, 65, 5, 70),
(15, '2023-05-23', '2023-05-30', 1, 41, 3, 97),
(16, '2023-01-15', '2023-01-22', 1, 80, 2, 101),
(17, '2022-12-21', '2022-12-28', 0, 43, 2, 75),
(18, '2022-11-27', '2022-12-04', 1, 80, 2, 45),
(19, '2023-04-03', '2023-04-10', 1, 3, 3, 162),
(20, '2023-01-12', '2023-01-19', 1, 80, 2, 125),
(21, '2022-12-20', '2022-12-27', 1, 75, 4, 90),
(22, '2023-04-19', '2023-04-26', 1, 40, 4, 8),
(23, '2022-09-12', '2022-09-19', 0, 81, 2, 25),
(24, '2022-06-22', '2022-06-29', 1, 14, 3, 65),
(25, '2022-12-03', '2022-12-10', 1, 22, 5, 44),
(26, '2023-04-09', '2023-04-16', 1, 49, 5, 86),
(27, '2022-07-14', '2022-07-21', 1, 21, 6, 31),
(28, '2023-05-08', '2023-05-15', 1, 63, 6, 64),
(29, '2022-09-08', '2022-09-15', 1, 14, 3, 97),
(30, '2022-11-18', '2022-11-25', 1, 55, 1, 55),
(31, '2023-05-06', '2023-05-13', 1, 73, 4, 124),
(32, '2023-05-13', '2023-05-20', 0, 41, 3, 193),
(33, '2022-11-01', '2022-11-08', 1, 72, 3, 169),
(34, '2022-08-14', '2022-08-21', 1, 12, 6, 157),
(35, '2022-11-28', '2022-12-05', 0, 18, 5, 178),
(36, '2023-02-15', '2023-02-22', 1, 77, 6, 73),
(37, '2022-07-10', '2022-07-17', 1, 85, 5, 189),
(38, '2023-06-02', '2023-06-09', 1, 13, 1, 30),
(39, '2023-02-24', '2023-03-03', 0, 13, 1, 186),
(40, '2022-06-27', '2022-07-04', 1, 72, 3, 63),
(41, '2022-06-25', '2022-07-02', 1, 38, 6, 139),
(42, '2023-05-01', '2023-05-08', 1, 49, 5, 96),
(43, '2022-12-15', '2022-12-22', 0, 14, 3, 88),
(44, '2023-02-20', '2023-02-27', 1, 50, 3, 198),
(45, '2023-05-25', '2023-06-01', 1, 46, 2, 14),
(46, '2022-10-25', '2022-11-01', 1, 3, 3, 185),
(47, '2023-05-28', '2023-06-04', 1, 69, 3, 89),
(48, '2022-11-12', '2022-11-19', 1, 67, 1, 41),
(49, '2022-08-11', '2022-08-18', 1, 45, 1, 48),
(50, '2022-09-10', '2022-09-17', 1, 72, 3, 34),
(51, '2023-01-19', '2023-01-26', 1, 72, 3, 63),
(52, '2023-03-20', '2023-03-27', 1, 66, 2, 120),
(53, '2022-07-22', '2022-07-29', 1, 90, 4, 53),
(54, '2023-01-15', '2023-01-22', 0, 73, 4, 37),
(55, '2023-01-26', '2023-02-02', 1, 71, 2, 76),
(56, '2023-05-03', '2023-05-10', 1, 26, 6, 52),
(57, '2023-01-21', '2023-01-28', 1, 90, 4, 183),
(58, '2023-05-12', '2023-05-19', 1, 53, 3, 171),
(59, '2022-12-20', '2022-12-27', 1, 85, 5, 127),
(60, '2023-04-14', '2023-04-21', 1, 62, 6, 160),
(61, '2022-09-13', '2022-09-20', 1, 35, 2, 9),
(62, '2023-03-26', '2023-04-02', 1, 90, 4, 36),
(63, '2022-07-10', '2022-07-17', 1, 9, 6, 180),
(64, '2022-12-10', '2022-12-17', 1, 6, 3, 148),
(65, '2023-03-16', '2023-03-23', 1, 54, 2, 196),
(66, '2023-04-25', '2023-05-02', 1, 27, 5, 120),
(67, '2022-06-28', '2022-07-05', 1, 63, 6, 21),
(68, '2022-12-21', '2022-12-28', 1, 64, 1, 190),
(69, '2023-02-02', '2023-02-09', 1, 75, 4, 99),
(70, '2023-04-25', '2023-05-02', 1, 37, 4, 158),
(71, '2023-01-31', '2023-02-07', 1, 35, 2, 113),
(72, '2022-11-27', '2022-12-04', 1, 12, 6, 81),
(73, '2023-02-01', '2023-02-08', 1, 8, 3, 198),
(74, '2022-12-11', '2022-12-18', 1, 47, 3, 89),
(75, '2023-01-14', '2023-01-21', 1, 70, 5, 13),
(76, '2022-09-20', '2022-09-27', 1, 71, 2, 182),
(77, '2023-03-02', '2023-03-09', 1, 35, 2, 59),
(78, '2022-08-19', '2022-08-26', 1, 33, 2, 176),
(79, '2022-07-27', '2022-08-03', 1, 50, 3, 185),
(80, '2022-06-22', '2022-06-29', 0, 83, 3, 164),
(81, '2023-01-05', '2023-01-12', 0, 39, 4, 22),
(82, '2023-01-19', '2023-01-26', 0, 51, 4, 46),
(83, '2023-04-29', '2023-05-06', 1, 61, 2, 184),
(84, '2022-10-07', '2022-10-14', 1, 36, 2, 14),
(85, '2023-05-05', '2023-05-12', 0, 20, 4, 71),
(86, '2023-05-27', '2023-06-03', 1, 76, 3, 197),
(87, '2023-04-15', '2023-04-22', 1, 11, 1, 118),
(88, '2022-07-16', '2022-07-23', 1, 56, 4, 71),
(89, '2023-03-20', '2023-03-27', 1, 67, 1, 164),
(90, '2022-12-31', '2023-01-07', 0, 47, 3, 184),
(91, '2022-09-13', '2022-09-20', 0, 3, 3, 151),
(92, '2022-08-31', '2022-09-07', 1, 60, 5, 114),
(93, '2022-08-29', '2022-09-05', 0, 59, 6, 76),
(94, '2023-04-21', '2023-04-28', 1, 63, 6, 190),
(95, '2023-01-28', '2023-02-04', 0, 10, 3, 63),
(96, '2023-03-23', '2023-03-30', 1, 56, 4, 86),
(97, '2023-02-03', '2023-02-10', 1, 90, 4, 97),
(98, '2022-11-02', '2022-11-09', 1, 49, 5, 86),
(99, '2022-11-09', '2022-11-16', 1, 23, 6, 156),
(100, '2023-05-17', '2023-05-24', 1, 58, 3, 17);

--
-- Άδειασμα δεδομένων του πίνακα `category`
--

INSERT INTO `category` (`Category_ID`, `Name`) VALUES
(7, 'Biography'),
(9, 'Fantasy'),
(1, 'Fiction'),
(8, 'History'),
(3, 'Mystery'),
(2, 'Non-Fiction'),
(5, 'Romance'),
(4, 'Sci-Fi'),
(10, 'Self-Help'),
(6, 'Thriller');

--
-- Άδειασμα δεδομένων του πίνακα `libraryoperator`
--

INSERT INTO `libraryoperator` (`LibraryOperator_ID`, `First_Name`, `Last_Name`, `Username`, `Password`, `Age`, `Approved`, `Admin_ID`, `School_ID`) VALUES
(1, 'Αριάδνη', 'Νικολάου', 'aapostolopoylos', 'h<e18cf', 59, 1, 1, 6),
(2, 'Σεραφεία', 'Καραγιάννης', 'pxatzinikolaoy', '1^qUqw:*kpU~4$', 26, 1, 1, 3),
(3, 'Κοκκώνα', 'Γιαννακόπουλος', 'kybeli80', '4Kw/4H(.', 50, 1, 1, 5),
(4, 'Θεμιστόκλεια', 'Αντωνοπούλου', 'grigoriadis.axilleia', 'p~2Zl^3ZwR{Q', 45, 1, 1, 2),
(5, 'Τίτος', 'Κορομηλάς', 'xrysafenia.oikonomidoy', ')&>DD.', 33, 1, 1, 4),
(6, 'Φλώρα', 'Σπυρόπουλος', 'fotiadoy.ilias', 'Cr)/r*D7Dy0D', 36, 1, 1, 1),
(7, 'Μελένια', 'Γιαννακόπουλος', 'baroykis.balantis', 'cE#_6@AO0', 48, 0, 1, 6),
(8, 'Θάλεια', 'Αργυρού', 'papaioannoy.tryfon', 'oO\\9QX`\'lj&Y_', 34, 0, 1, 6),
(9, 'Κυριάκος', 'Γρηγοριάδου', 'olympia57', '^<E;ha$^^j+Zgn6jBeS5', 44, 0, 1, 6),
(10, 'Χριστόφιλη', 'Γαλάνη', 'emmanoyil06', 'Z[u|\\2S~9LU2y(b', 27, 0, 1, 6);

--
-- Άδειασμα δεδομένων του πίνακα `reservation`
--

INSERT INTO `reservation` (`Reservation_ID`, `Reservation_Date`, `Status`, `User_ID`, `LibraryOperator_ID`, `Book_ID`) VALUES
(1, '2022-09-02', 'Completed', 60, 5, 92),
(2, '2023-05-29', 'Pending', 6, 3, 162),
(3, '2023-04-29', 'Completed', 61, 2, 187),
(4, '2022-06-06', 'On Hold', 58, 3, 97),
(5, '2023-06-02', 'Pending', 61, 2, 176),
(6, '2023-05-31', 'Pending', 62, 6, 122),
(7, '2022-08-27', 'Completed', 50, 3, 72),
(8, '2023-03-18', 'Completed', 23, 6, 198),
(9, '2023-05-29', 'Pending', 74, 1, 4),
(10, '2022-09-16', 'Completed', 60, 5, 24),
(11, '2023-03-06', 'Completed', 60, 5, 20),
(12, '2023-04-24', 'Completed', 87, 4, 43),
(13, '2022-07-26', 'Completed', 78, 2, 83),
(14, '2023-03-20', 'Completed', 64, 1, 150),
(15, '2022-09-18', 'Completed', 36, 2, 42),
(16, '2023-02-24', 'On Hold', 55, 1, 102),
(17, '2022-12-15', 'Completed', 1, 1, 177),
(18, '2023-05-30', 'Pending', 28, 3, 67),
(19, '2023-06-04', 'Pending', 80, 2, 171),
(20, '2023-03-08', 'Completed', 49, 5, 4),
(21, '2023-06-03', 'Pending', 90, 4, 81),
(22, '2022-11-23', 'Completed', 29, 3, 171),
(23, '2023-02-28', 'Completed', 56, 4, 38),
(24, '2022-06-09', 'Completed', 7, 1, 123),
(25, '2023-04-28', 'Completed', 23, 6, 59),
(26, '2022-07-30', 'Completed', 17, 1, 36),
(27, '2023-04-02', 'Completed', 34, 6, 175),
(28, '2022-09-02', 'Completed', 75, 4, 129),
(29, '2023-05-18', 'Completed', 87, 4, 150),
(30, '2023-06-02', 'Pending', 85, 5, 107),
(31, '2022-11-20', 'Completed', 34, 6, 72),
(32, '2022-07-28', 'Completed', 9, 6, 10),
(33, '2023-03-22', 'Completed', 17, 1, 55),
(34, '2023-04-24', 'Completed', 76, 3, 141),
(35, '2022-10-22', 'Completed', 86, 2, 38),
(36, '2023-01-24', 'Completed', 26, 6, 21),
(37, '2022-08-19', 'Completed', 49, 5, 16),
(38, '2022-11-25', 'Completed', 87, 4, 200),
(39, '2022-08-02', 'Completed', 16, 2, 6),
(40, '2023-06-03', 'Pending', 37, 4, 153),
(41, '2023-04-14', 'Completed', 84, 1, 144),
(42, '2023-05-31', 'Pending', 15, 4, 81),
(43, '2023-05-28', 'Pending', 70, 5, 120),
(44, '2023-03-11', 'Completed', 89, 1, 7),
(45, '2022-07-18', 'Completed', 76, 3, 109),
(46, '2022-10-08', 'Completed', 78, 2, 184),
(47, '2023-01-20', 'Completed', 28, 3, 116),
(48, '2023-05-14', 'Completed', 33, 2, 37),
(49, '2023-05-20', 'Completed', 56, 4, 46),
(50, '2023-05-29', 'Pending', 72, 3, 51),
(51, '2022-10-12', 'Completed', 28, 3, 171),
(52, '2022-12-29', 'Completed', 54, 2, 4),
(53, '2023-06-03', 'Pending', 54, 2, 171),
(54, '2022-07-08', 'Completed', 58, 3, 149),
(55, '2022-07-31', 'Completed', 6, 3, 3),
(56, '2022-07-24', 'Completed', 54, 2, 83),
(57, '2022-12-22', 'Completed', 75, 4, 86),
(58, '2022-08-11', 'Completed', 25, 1, 177),
(59, '2023-05-26', 'Completed', 5, 4, 117),
(60, '2023-05-09', 'Completed', 87, 4, 54),
(61, '2023-04-15', 'Completed', 35, 2, 120),
(62, '2022-09-10', 'Completed', 53, 3, 164),
(63, '2023-05-22', 'Completed', 50, 3, 148),
(64, '2022-09-04', 'Completed', 77, 6, 171),
(65, '2023-05-29', 'Pending', 23, 6, 5),
(66, '2022-10-29', 'Completed', 15, 4, 124),
(67, '2023-01-09', 'Completed', 31, 2, 117),
(68, '2022-08-13', 'Completed', 23, 6, 94),
(69, '2023-05-31', 'Pending', 26, 6, 77),
(70, '2022-06-04', 'Completed', 88, 5, 79),
(71, '2023-05-01', 'Completed', 76, 3, 9),
(72, '2023-06-02', 'Pending', 30, 2, 117),
(73, '2022-12-11', 'Completed', 88, 5, 116),
(74, '2022-08-16', 'Completed', 52, 1, 37),
(75, '2022-07-29', 'Completed', 22, 5, 60),
(76, '2023-05-29', 'Pending', 11, 1, 27),
(77, '2022-06-15', 'Completed', 48, 6, 122),
(78, '2022-11-24', 'Completed', 6, 3, 132),
(79, '2022-09-27', 'Completed', 22, 5, 120),
(80, '2023-03-22', 'Completed', 53, 3, 40);

--
-- Άδειασμα δεδομένων του πίνακα `review`
--

INSERT INTO `review` (`Review_ID`, `Text`, `Rating`, `Approved`, `User_ID`, `LibraryOperator_ID`, `Book_ID`) VALUES
(1, 'Έπειτα πώς.', 2, 1, 3, 3, 151),
(2, 'Και το κακό είναι που παρασύρει και τις βάρκες που είχαν μείνει τα μαλλιά της ακόμα στα χαρτιά.', 5, 1, 35, 2, 9),
(3, 'Αργολίδα, καλήν αντάμωσιν - Μανόλης». Σήκωσε ο θείος.', 1, 1, 11, 1, 118),
(4, 'Το γλέντι ήταν μεγάλο.', 1, 1, 56, 4, 86),
(5, 'Αλίς και τ\' αγόρια στην ξηρά, ο.', 2, 1, 41, 3, 97),
(6, 'Θέλησε να παρασύρει και την κοίταξε και είπε: - Πες το, δε με μέλει!.', 2, 1, 39, 4, 22),
(7, 'Κι έξαφνα, στο σκοτάδι που ολοένα ανάβρυζαν. Πήρε το βόλο του και να της τα τύλιξε η Αφροδίτη.', 4, 1, 12, 6, 157),
(8, 'Πουλουδιά δεν ήξερε. Χαμένη γύρισε στον Αντώνη και, με τα δυο μικρά κοκκινάκια!.', 4, 1, 43, 2, 75),
(9, 'Αλεξάνδρα. Και για να βγάλει την άσχημη κούκλα της, μια Αραπίνα με προβατίσια μαύρα μαλλιά και το.', 4, 1, 35, 2, 59),
(10, 'Οι δικές μου βάσεις είναι όλες στερεές! - Η Αφροδίτη δε λέγει.', 3, 1, 13, 1, 186),
(11, 'Λυπάσαι; ρώτησε. - Καλέ, δε λες πως.', 4, 0, 49, 5, 96),
(12, 'Μ\' αψηφώντας την αδελφή της θείας Αργίνης να δουν τα καινούρια τους εξαδέλφια.', 5, 1, 46, 2, 14),
(13, 'Αλεξάνδρα, είναι.', 4, 1, 43, 2, 75),
(14, 'Ο Αλέξανδρος, που στην αμφιβολία του είχε χωθεί ένα.', 2, 0, 50, 3, 185),
(15, 'Χορνόπουλα, τα φώναζε στην.', 2, 1, 14, 3, 88),
(16, 'Αλέξανδρος, που ήταν.', 1, 1, 60, 5, 114),
(17, 'Δε θα γδυθώ μπροστά σας! Και πάλι ντράπηκε, γιατί, χωρίς να του πει, που να μη.', 1, 0, 13, 1, 186),
(18, 'Μαριόρα και τα μάτια πρησμένα από τα σεντόνια τους. Και ηλεκτρίστηκε. - Σα.', 4, 1, 59, 6, 76),
(19, 'Όχι, δε θέλω! Μα όταν βρέθηκαν μόνα.', 3, 0, 23, 6, 197),
(20, 'Έλα, τελείωνε! φώναξε του Αντώνη: - Άιντε! Σου πάγω στοίχημα πως δεν είδε τα.', 4, 1, 23, 6, 156),
(21, 'Αντώνης, θα μπορούσε να σκεφθεί ποιαν αιτία να προτιμήσει. Και.', 4, 1, 35, 2, 113),
(22, 'Πώς σε πόνεσα; - Και.', 2, 1, 35, 2, 113),
(23, 'Πολλές φορές μου τα ζήτησε κι εγώ έτρεξα να σας το πω... Με κλειστά μάτια.', 3, 0, 11, 1, 118),
(24, 'Ο Αντώνης δεν τα φώναζε ποτέ· έβγαινε.', 5, 1, 51, 4, 71),
(25, 'Άθελα γύρισε η θεία στην αυλή. Εκεί ήταν μοναξιά.', 2, 1, 35, 2, 59),
(26, 'Κηφισιά! - Ας.', 5, 1, 46, 2, 14),
(27, 'Πεντέλη... - Και για τον Γιάννη που έλεγε.', 3, 1, 20, 4, 71),
(28, 'Όλο το σπίτι για να αγριοκοιτάξει τον.', 3, 1, 3, 3, 162),
(29, 'Τι τρέχει, Γιώργη; ρώτησε ανήσυχα η θεία σας η Μαριέτα, που δεν ήθελε ρωτήματα και.', 4, 0, 56, 4, 86),
(30, 'Ε, καλά το συλλογίστηκες να του βάλει φρέσκο επίδεσμο στο.', 1, 1, 13, 1, 30),
(31, 'Ήθελε η Πουλουδιά την Αλεξάνδρα, τυλίγοντας τα μαλλιά της.', 1, 1, 51, 4, 46),
(32, 'Κακόκεφα, γρινιάρικα.', 2, 0, 35, 2, 59),
(33, 'Εκείνη τη στιγμή που νόμιζε.', 2, 1, 58, 3, 17),
(34, 'Ύστερα στερεώνοντας τα πόδια του μπροστά και τα κυβέρνησε τ\'.', 2, 1, 22, 5, 44),
(35, 'Ούτε καπετάνιος δε θα έπινε νερό, έτσι λέγει ο.', 4, 1, 14, 3, 65),
(36, 'Μά έτρεμαν τα χέρια του στα γόνατα του κι έτρεχαν στο σαλόνι.', 5, 0, 9, 6, 180),
(37, 'Κηφισιά, σε μιας θείας τους, και κοίταζαν από πάνω, ψηλά, τις βαρκούλες που χόρευαν.', 4, 1, 39, 4, 22),
(38, 'Αραπίνα της! Την είχε κοροϊδέψει, της.', 2, 1, 12, 6, 81),
(39, 'Μα, εσείς, φώναξε έξω φρενών, σηκώνοντας απειλητικά τη γροθιά του; εσείς όλα τα φύλλα που.', 1, 1, 35, 2, 59),
(40, 'Αντώνης. Μα.', 2, 1, 3, 3, 162),
(41, 'Και τι είναι τ\' αγόρια! Αυτός.', 4, 0, 50, 3, 185),
(42, 'Και συνάμα κάτι κρότοι ανέβηκαν.', 5, 1, 46, 2, 14),
(43, 'Χριστό! Ο Αντώνης σήκωσε τους.', 4, 1, 47, 3, 184),
(44, 'Αλέξανδρος και, κατακόκκινος και ανήσυχος, έδωσε τη σβούρα στριφογυρίζοντας στο.', 3, 1, 56, 4, 86),
(45, 'Γοριτσιάνα και αυτή, τους είχε φθάσει στην ακμή του ηρωισμού.', 4, 1, 35, 2, 59),
(46, 'Μα είναι φανταγμένη!.', 1, 1, 53, 3, 171),
(47, 'Σαν τον Αλέξανδρο που τόλμησε να μου χτυπήσει το κεφάλι του! Η.', 2, 1, 60, 5, 114),
(48, 'Πουλουδιά. - Δική μου σειρά! είπε ο Αλέξανδρος. - Αμέ γιατί, νομίζεις, ήλθαμε; Για να δούμε.', 1, 1, 33, 2, 176),
(49, 'Και τότε έγινε παλικάρι η Αλεξάνδρα. Και σαν ήλθε η.', 1, 1, 58, 3, 17),
(50, 'Πειραιά με το πρόσωπο και γελώντας φώναξε του.', 4, 0, 13, 1, 30),
(51, 'Πώς το \'κανες; ρώτησε σκύβοντας για να παίξουν, που.', 2, 1, 56, 4, 86),
(52, 'Αντώνη; - Σιγά σιγά, αποκρίθηκε ο Αντώνης.', 4, 1, 51, 4, 71),
(53, 'Αντώνη πιο γρήγορα απ\' ό,τι μπορούσε να.', 1, 1, 35, 2, 59),
(54, 'Κανένας δε μίλησε. Χαμογέλασε μόνο.', 3, 0, 23, 6, 197),
(55, 'Τόσο έμοιαζε να τα χτενίσει, γύρισε.', 1, 1, 38, 6, 139),
(56, 'Κι έτσι, σιωπηλά, έκαναν το πρωί, μα που δεν έφθασε ως.', 3, 1, 35, 2, 9),
(57, 'Αντώνη, που τρύπησε πάλι τα κέφια του Αντώνη και δε.', 1, 0, 14, 3, 88),
(58, 'Αντώνης; ρώτησε χαμηλόφωνα. Δε θα πάθει τίποτα. Μα φαίνουνταν η.', 5, 1, 9, 6, 180),
(59, 'Ντον. Ο ένοχος κάθουνταν παρακάτω και μασούλιζε ένα κόκαλο. Η.', 4, 1, 13, 1, 186),
(60, 'Φοβούμαι πως δε θα γίνω! διέκοψε ο Αλέξανδρος. - Αν δεν κάτσεις ήσυχος, του είπε κείνος.', 5, 1, 49, 5, 86),
(61, 'Αλεξάνδρα ή θα το πω! Μα θα με τρελάνεις εσύ, παιδί.', 2, 0, 27, 5, 120),
(62, 'Πουλουδιά την.', 3, 1, 35, 2, 9),
(63, 'Και γιατί, σαν έπεσε από.', 5, 1, 33, 2, 176),
(64, 'Τα κορίτσια είναι περιττά στον κόσμο, είπε κοφτά πάλι ο.', 1, 1, 35, 2, 59),
(65, 'Κάνατε πο... πολύ δρόμο, παι... παιδιά μου... και.', 5, 1, 60, 5, 114),
(66, 'Πουλουδιά.', 1, 1, 54, 2, 196),
(67, 'Όχι, αποκρίθηκε η Κλειώ.', 1, 0, 43, 2, 75),
(68, 'Σεβάχ το Θαλασσινό, που.', 3, 0, 37, 4, 158),
(69, 'Τους καβγάδες τους τ\' αδέλφια του και είπε: - Πώς σε.', 2, 1, 36, 2, 14),
(70, 'Ναι, ήταν ο μπαμπούλας μεθυσμένος! - Τι κεφάλια είναι αυτά; Τι είναι αυτό το παιδί! Εσύ πάλι.', 5, 0, 46, 2, 14),
(71, 'Ποτέ ακόμα δεν είχε φανταστεί πόσο.', 3, 1, 8, 3, 198),
(72, 'Μπαρμπαγιάννη Κανατά ή.', 3, 1, 13, 1, 30),
(73, 'Εβραία η Αλίς; ρώτησε ο Αντώνης. - Με τη βία και τη δασκάλα βγήκε από.', 4, 1, 3, 3, 185),
(74, 'Μπήκε στη μέση σαν περισπωμένη. Και είπε αργά ο θείος: «Ο.', 3, 1, 60, 5, 114),
(75, 'Έξω, αποκρίθηκε η Πουλουδιά: - Καθόλου δεν παίξαμε ωραία, και όλο άκουαν. - Χτύπησε; ρώτησε.', 2, 1, 53, 3, 171),
(76, 'Αν είχε μπαστούνι ο Αντώνης, πρέπει να.', 3, 1, 13, 1, 186),
(77, 'Αντώνη και σήκωσε ένα σύννεφο σκόνη από την Καστέλα... - Μα πώς θα πηγαίνεις με τη.', 1, 1, 46, 2, 14),
(78, 'Αυτή δεν έχει στέρεη βάση! Και θες να.', 4, 1, 18, 5, 178),
(79, 'Αντώνη! Έλα κάτω!», η σοφίτα ήταν άδεια, ο Αντώνης κι έμεινε με.', 4, 1, 33, 2, 176),
(80, 'Τα μανίκια, γυρισμένα και αυτά.', 4, 1, 14, 3, 65),
(81, 'Αφροδίτη σκορπίζουνταν σ\' όλο το περιβόλι θέλει σκάψιμο. Έλα να.', 1, 1, 20, 4, 71),
(82, 'Ίσως μπορέσομε να την κρατήσουν, μιας και πολέμησες με τους δυο.', 5, 1, 45, 1, 48),
(83, 'Πάγει η Μαριόρα να του το μάτι. - Για πες το, είπε ο Αλέξανδρος. Και.', 3, 1, 6, 3, 148),
(84, 'Πουλουδιά. - Δική μου σειρά! είπε ο Αντώνης. Από τη σαστισμάδα.', 1, 1, 55, 1, 55),
(85, 'Ωραία! Και της έδωσε μια σπρωξιά την παραμέρισε ο Αντώνης, με τα πόδια.', 3, 1, 23, 6, 197),
(86, 'Εγώ δε θα διόρθωνε τη ζημιά.', 1, 1, 49, 5, 86),
(87, 'Χριστιανοί; - Ναι. - Μα θα έλθει ο θείος... είπε και η Πουλουδιά.', 4, 1, 23, 6, 156),
(88, 'Ωωωω!... Πέταξε ο Αντώνης και είχαν περάσει πηδηχτά μελανωμένα ποδαράκια.', 3, 1, 35, 2, 59),
(89, 'Πουλουδιά με τον ηρωισμό του, πως ήταν τόσο καλός και δε μάλωσε.', 5, 1, 53, 3, 171),
(90, 'Πουλουδιά. - Ναι! Να δούμε τι θα.', 3, 1, 49, 5, 86),
(91, 'Να είχε ένα φανάρι, θα έκανε σε όμοια περίσταση ο Σεβάχ ο Θαλασσινός τα έχανε. Και μια φορά κάνατε.', 5, 1, 13, 1, 30),
(92, 'Ο Αλέξανδρος είναι αδελφός μας... Μα η κερα-Ρήνη είχε.', 3, 1, 49, 5, 86),
(93, 'Αντώνη, που, μισοκρεμασμένος από το.', 2, 1, 57, 1, 193),
(94, 'Μα η Πουλουδιά μ\' όλη.', 2, 1, 59, 6, 76),
(95, 'Του ήλθε.', 2, 1, 14, 3, 97),
(96, 'Τι κεφάλια είναι αυτά; Τι είναι αυτά, καλέ.', 3, 1, 13, 1, 186),
(97, 'Αλέξανδρος ούτε.', 4, 1, 21, 6, 31),
(98, 'Τι ήταν; ρώτησε η βασίλισσα. - Μάλιστα. Του το κέντησε η μαμά βάζοντας χάμω.', 3, 0, 23, 6, 197),
(99, 'Κι εκεί, παρακάτω, στους βρεμένους από τη μις Ράις, ας ήταν και κωμικά, είχε.', 3, 1, 3, 3, 151),
(100, 'Αφροδίτη: - Όχι, μπούφο! Τον λέγει, σαν όλους.', 4, 1, 50, 3, 198),
(101, 'Την ίδια στιγμή, τρεχάτο.', 2, 1, 49, 5, 86),
(102, 'Μα την άκουσε κείνος και.', 5, 1, 40, 4, 8),
(103, 'Αντώνης πως κάνει πάντα πλουφ η πέτρα στο νερό, και αν το είπε ο Αλέκος.', 5, 1, 14, 3, 97),
(104, 'Μα, μιας.', 4, 1, 54, 2, 196),
(105, 'Αλέξανδρο, του κατέβασε και του έλεγε.', 4, 1, 65, 5, 70),
(106, 'Σκουτουρεμένη ρώτησε: - Ένα πράμα ήθελα να ξέρω, είπε η Αλεξάνδρα.', 2, 1, 70, 5, 13),
(107, 'Τ\' ακούω, είπε ήσυχα.', 1, 1, 35, 2, 9),
(108, 'Δειλά ακούμπησε η Πουλουδιά που είναι οι στρατιώτες του, που στάθηκε.', 2, 1, 64, 1, 190),
(109, 'Η Κλειώ όμως γονάτισε μπρος στον.', 5, 1, 35, 2, 9),
(110, 'Αντώνης που φαντάζουνταν έτσι να κάνει τα ζουμιά που έσταζαν.', 2, 1, 72, 3, 63),
(111, 'Αλέξανδρου: - Μη κι έλθει και.', 2, 1, 66, 2, 120),
(112, 'Δικάστηκαν και καταδικάστηκαν χωρίς απολογία. Γιατί.', 4, 1, 71, 2, 76),
(113, 'Κι εμένα δε με ρώτησε. Από.', 5, 1, 73, 4, 37),
(114, 'Αχ, το καημένο! αναφώνησε η Αλεξάνδρα και ντράπηκε η Πουλουδιά και σίμωσε τ\' αγόρια.', 4, 1, 72, 3, 63),
(115, 'Εβραία! φώναξε θριαμβευτικά ο Αντώνης. Κρίμα! Τον.', 1, 1, 23, 6, 197),
(116, 'Αντώνη και, σπρώχνοντας τον εμπρός.', 2, 1, 49, 5, 86),
(117, 'Πάμε να δοκιμάσομε όλοι παπούτσια, δε θυμάσαι.', 4, 1, 81, 2, 25),
(118, 'Αλέξανδρος, γονατισμένος και.', 3, 1, 49, 5, 96),
(119, 'Αντώνης: - Μην.', 1, 1, 80, 2, 125),
(120, 'Πες το λοιπόν! Ο Αντώνης άρπαξε το μπράτσο και, σπρώχνοντας τον εμπρός, είπε.', 4, 1, 81, 2, 25),
(121, 'Αλέξανδρος με ανακούφιση σαν είπε ο Αντώνης μ\' ένα χαμόγελο που έστριφτε γλυκά λίγο.', 3, 1, 51, 4, 71),
(122, 'Αλέξανδρος κάθουνταν στο πεζούλι τής πίσω πόρτας του.', 1, 1, 9, 6, 180),
(123, 'Μα εγώ ξέρω να.', 4, 1, 18, 5, 178),
(124, 'Πατριάρχης και είχαμε και το χθεσινό του αμάρτημα απέναντι του αξιωματικού. Η.', 3, 1, 67, 1, 41),
(125, 'Σήκωσε τους ώμους και τα πόδια του, που τα ξέρει όλα αυτός ο Αλέξανδρος.', 4, 1, 47, 3, 89),
(126, 'Μα την τράβηξε η βασίλισσα δεν.', 5, 1, 58, 3, 17),
(127, 'Μικρά Καλύβη του Δάσους, και δεν είπε τίποτα, μόνο κοίταξε τ\' αδέλφια.', 2, 1, 81, 2, 25),
(128, 'Κόπηκε το αίμα μου σα σε είδα να σε δείρω που.', 1, 1, 63, 6, 64),
(129, 'Και τον είδε όρθιο στην άλλη παλάμη του. Ο Αντώνης άπλωσε τα.', 1, 1, 85, 5, 60),
(130, 'Τόσο έμοιαζε να.', 2, 1, 14, 3, 97),
(131, 'Δεν είδες τίποτα! Κοροφέξαλα!.', 2, 1, 27, 5, 120),
(132, 'Και είπε η θεία: «Μια μέλισσα... με τσίμπησε μια μέλισσα!...» και.', 2, 1, 49, 5, 86),
(133, 'Μπήκε μέσα ο Αντώνης; ρώτησε χαμηλόφωνα. Δε θα πάθει τίποτα. Μα το πανεράκι της θείας και.', 5, 1, 85, 5, 127),
(134, 'Τι έκανες! φώναξε ο Αντώνης πως πέρασε ο κίνδυνος, η καρδιά του όμως.', 1, 1, 3, 3, 185),
(135, 'Χτύπησε τα παλαμάκια της.', 1, 1, 49, 5, 96),
(136, 'Μα... μα τι πειράζει αν.', 4, 1, 76, 3, 197),
(137, 'Αντώνη, δεν κάνει, θα φωνάξω τη θεία Μαριέτα. Μα.', 4, 1, 3, 3, 124),
(138, 'Ράις, είπε ακόμα πιο ακατάδεχτα. - Τους ξέρω, είπε. Και στάθηκε η Πουλουδιά στα κλάματα. Και.', 2, 1, 12, 6, 81),
(139, 'Αντώνης, καθισμένος στο πάτωμα, με το πιο χρυσό μας εξαδέλφι, δήλωσε η Κλειώ, να τρως καρπαζιές.', 2, 1, 56, 4, 86),
(140, 'Όχι, Αντώνη! αναφώνησε η Αφροδίτη. Δεν παίρνω απάνω μου αυτή την ενθύμηση του σπαθιού.', 4, 1, 83, 3, 164),
(141, 'Ζωρζής κάπνιζε ειρηνικά το ναργιλέ του.', 1, 1, 75, 4, 99),
(142, 'Ύστερα ήταν ο Γιάννης. Εκεί που θαύμαζαν τ\' αδέλφια, ο Αλέκος στην αγκαλιά.', 3, 1, 69, 3, 89),
(143, 'Μπουμπουλίνα, αν κλαις για λίγο αίμα;» Μα τι έπαθες απόψε.', 5, 1, 43, 2, 75),
(144, 'Αχ, έλα και συ!... Μέσα στην κάμαρα.', 2, 1, 38, 6, 139),
(145, 'Και είπε ο Αντώνης, θα μπορούσε να γίνει έτσι.', 1, 1, 63, 6, 21),
(146, 'Και πάλι τα χτυπούσε χάμω και σήκωνε τα γόνατα της, όλη.', 2, 1, 63, 6, 21),
(147, 'Ήταν άρρωστη και... - Δε θαθθθ είπα πωθ ο.', 3, 1, 35, 2, 59),
(148, 'Πφούι! έκανε ο αδελφός της μαμάς είχαν.', 1, 1, 38, 6, 139),
(149, 'Γιάννη. Ήταν σα μαγκωμένα και τα κατορθώματα του αδέλφια του, ήλθε πάλι.', 2, 1, 72, 3, 169),
(150, 'Έβαλε κάτω το τρυπημένο δάχτυλο και, προσέχοντας μην τον πιάσει... γιατί.', 3, 1, 40, 4, 8);

--
-- Άδειασμα δεδομένων του πίνακα `school`
--

INSERT INTO `school` (`School_ID`, `Name`, `Address`, `City`, `Email`, `Phone_Number`, `Director_Fullname`, `Admin_ID`) VALUES
(1, '16ο Γενικό Λύκειο Αθηνών', 'Όδος Οικονομίδου, 61', 'Αθήνα', '16οΓενικόΛύκειοΑθηνών@outlook.com', '2735253878', 'Διδώ Αλεξίου', 1),
(2, '5ο Γυμνάσιο Θεσσαλονίκης', 'Λεωφόρος Φλέσσας, 5', 'Θεσσαλονίκη', '5οΓυμνάσιοΘεσσαλονίκης@hotmail.com', '2139421427', 'Δέσποινα Μάκρη', 1),
(3, '13ο Γενικό Λύκειο Πειραιά', 'Λεωφόρος Κουταλιανός, 934', 'Πειραιάς', '13οΓενικόΛύκειοΠειραιά@icloud.com', '2412178594', 'Χρύσανθος Σωπολιάτη', 1),
(4, '4ο Δημοτικό Σχολείο Ηρακλείου', 'Όδος Μυλωνά, 384', 'Ηράκλειο', '4οΔημοτικόΣχολείοΗρακλείου@gmail.com', '2855770809', 'Φρειδερίκη Ελευθερίου', 1),
(5, '9ο Γυμνάσιο Πάτρας', 'Λεωφόρος Βενιζέλος, 6', 'Πάτρα', '9οΓυμνάσιοΠάτρας@icloud.com', '2422009444', 'Σταμάτιος Χριστόπουλος', 1),
(6, '2ο Επαγγελματικό Λύκειο Λάρισας', 'Λεωφόρος Νικολοπούλου, 29-12', 'Λάρισα', '2οΕπαγγελματικόΛύκειοΛάρισας@icloud.com', '2516207804', 'Μαλβίνα Γεννήτη', 1);

--
-- Άδειασμα δεδομένων του πίνακα `user`
--

INSERT INTO `user` (`User_ID`, `Username`, `Password`, `First_Name`, `Last_Name`, `Age`, `Role`, `Approved`, `School_ID`, `LibraryOperator_ID`) VALUES
(1, 'jstamatiadis', 'j]~mBS,hk&z1', 'Πάρις', 'Αναγνωστόπουλος', 13, 'Student', 1, 6, 1),
(2, 'flora96', 'Wj9X@4c<', 'Φιλαρέτη', 'Ηλιόπουλος', 13, 'Student', 1, 2, 4),
(3, 'fokion93', 'b\"X3c+Jr|b_:pOyHvHi', 'Κυβέλη', 'Αντωνοπούλου', 15, 'Student', 1, 5, 3),
(4, 'klearxos.oikonomidis', '<d$6:#8{&7![J^', 'Χριστοδούλα', 'Πρωτονοτάριος', 12, 'Student', 1, 4, 5),
(5, 'potiti.kedikogloy', '*}Xq:7v]3', 'Κλυταιμνήστρα', 'Γεννήτη', 12, 'Student', 1, 2, 4),
(6, 'alekioy.aimilia', '[|D,*bgg:%ba', 'Αγγελική', 'Αγγελοπούλου', 12, 'Student', 1, 5, 3),
(7, 'pgalani', 'f?-noF', 'Αριστόβουλος', 'Παπαμάρκου', 16, 'Student', 1, 6, 1),
(8, 'biktoria58', 'Rn0i&o4027U_WIRCK~$d', 'Ματθίλδη', 'Αναστασίου', 12, 'Student', 1, 5, 3),
(9, 'kenos.prodromia', 'QzsQsQjKu\\.px!El\'&WQ', 'Φρειδερίκος', 'Ξένος', 16, 'Student', 1, 1, 6),
(10, 'tpapakostas', '~>&jc!d=', 'Λουκιανός', 'Παπάγος', 12, 'Student', 1, 5, 3),
(11, 'tpapastefanoy', 'qE%o.(xJ', 'Αναστάσιος', 'Γερμανός', 12, 'Student', 1, 6, 1),
(12, 'moraiti.timotea', 'Rz{\'4\\:t`a-?g!', 'Ελισάβετ', 'Καπετανάκη', 16, 'Student', 1, 1, 6),
(13, 'klairi.alekandroy', '9e8)zqiD+u).ZK;/~', 'Αρχέλαος', 'Βιτάλη', 14, 'Student', 1, 6, 1),
(14, 'pappas.teodoros', '7)z\\4rJ', 'Ευδοκία', 'Γαλάνη', 12, 'Student', 1, 5, 3),
(15, 'makri.aygoystos', 'e;V-YE*Lv9WTDq;', 'Ελευθέριος', 'Τριανταφυλλίδου', 15, 'Student', 1, 2, 4),
(16, 'triantafyllos.daskalopoyloy', '\\V0V,p{', 'Θωμαίς', 'Ευθυμιάδου', 16, 'Student', 1, 3, 2),
(17, 'xrysanti85', '6Gb$bB%iVt\"6WodpDHd5', 'Ανδριανή', 'Φλέσσας', 14, 'Student', 1, 6, 1),
(18, 'lgoysios', 'wr=0CFLi=x+2zpe2V;^', 'Μυρσίνη', 'Βούλγαρης', 18, 'Student', 1, 4, 5),
(19, 'ggeorgiadis', '/J}\"RLs<i', 'Εμμανουέλα', 'Φιλιππίδης', 17, 'Student', 1, 6, 1),
(20, 'biliopoylos', '_kt<;vyAjz$$', 'Αναξαγόρας', 'Καρσιβάνη', 18, 'Student', 1, 2, 4),
(21, 'bitali.roympini', 'PwY:rj*\'\"l`U', 'Ιορδανία', 'Αλεξίου', 14, 'Student', 1, 1, 6),
(22, 'isabella51', 'VyNlXeGn', 'Καρυοφυλλιά', 'Σελινά', 16, 'Student', 1, 4, 5),
(23, 'kleantis.konstantinoy', 'w;;ecnD/', 'Τίμων', 'Τριανταφυλλίδου', 18, 'Student', 1, 1, 6),
(24, 'andromeda.sopoliati', '4l$~aJ\':<+3j#K[2', 'Θεοφανία', 'Αντωνόπουλος', 15, 'Student', 1, 2, 4),
(25, 'panagiota85', 'BbB-F^;j#I', 'Χαράλαμπος', 'Κυριακοπούλου', 14, 'Student', 1, 6, 1),
(26, 'ftriantafyllidoy', 'B5[$G\'_rmD\"oybz&p', 'Ιγνάτιος', 'Παπαδοπούλου', 12, 'Student', 1, 1, 6),
(27, 'genobefa23', 'eGzI\\/-}Wu1-k;/', 'Μαγδαληνή', 'Σακελλαρίου', 13, 'Student', 1, 4, 5),
(28, 'xaido.grigoriadis', '{Ri%l7ya~]CtE%Oel/NV', 'Παυσανίας', 'Ζωγραφός', 16, 'Student', 1, 5, 3),
(29, 'boylgaris.aygi', 'FPvvcvK$x.|JhzsdWjG', 'Αντωνία', 'Φωτιάδης', 16, 'Student', 1, 5, 3),
(30, 'bpapastefanoy', ':)&c@[8', 'Βενιζέλος', 'Κωνσταντίνου', 18, 'Student', 1, 3, 2),
(31, 'isidoros91', '/~yKV_\\q]$bI?', 'Ελπίς', 'Κορομηλάς', 15, 'Student', 1, 3, 2),
(32, 'mayrikios.protonotarios', 'c\\E_$f%rr^_bx', 'Θέτις', 'Γαλάνη', 17, 'Student', 1, 1, 6),
(33, 'tiseys79', 'HAETI7BvM~a<Mb', 'Τίτος', 'Πολίτης', 15, 'Student', 1, 3, 2),
(34, 'kostopoylos.metodios', '*Z@\\DoE57#ko4^3>Q', 'Θεμιστοκλής', 'Αλεξάνδρου', 14, 'Student', 1, 1, 6),
(35, 'timotea70', '3pv8gV-+I%q', 'Κλειώ', 'Σωπολιάτη', 14, 'Student', 1, 3, 2),
(36, 'dimitrios.fotiadoy', '{c9)3qv6Uw1g!^pX]vVq', 'Πλάτων', 'Παπανδρέου', 18, 'Student', 1, 3, 2),
(37, 'lito81', 'UTau@M*$JOjsRT-4We', 'Βενιαμίν', 'Γιακουμή', 17, 'Student', 1, 2, 4),
(38, 'xristoforos68', 'gix`#iOavpxsJ', 'Αγαμέμνων', 'Γιαννακοπούλου', 15, 'Student', 1, 1, 6),
(39, 'xrysanti16', '*Tz]\"F[,Q*T,D', 'Φίλιππος', 'Κοκκίνου', 12, 'Student', 1, 2, 4),
(40, 'iaggelidoy', '{XxrQ_e', 'Αστέρω', 'Βαριμπόμπη', 16, 'Student', 1, 2, 4),
(41, 'doyrentis.ion', 'Z=[ETt!D\"(?oP', 'Λάσκαρης', 'Αγγελίδου', 13, 'Student', 1, 5, 3),
(42, 'jkonstantinidoy', '(uO#e5]A8Y', 'Δάφνη', 'Βιτάλης', 16, 'Student', 1, 2, 4),
(43, 'symeon06', 'd}bgRTH`DY9{/lOqMar8', 'Τριαντάφυλλος', 'Αγγελοπούλου', 18, 'Student', 1, 3, 2),
(44, 'dimostenis42', '1&H:h4Pk%u_e+', 'Λευκοθέα', 'Γιαννόπουλος', 17, 'Student', 1, 3, 2),
(45, 'nantoniadis', 'q|txz)3Ms,qHrSU', 'Βελισσαρία', 'Ιωάννου', 13, 'Student', 1, 6, 1),
(46, 'gkonstantinoy', 'kfe\"%025WB\'w8$zQVU\'', 'Παναγιώτα', 'Οικονόμου', 12, 'Student', 1, 3, 2),
(47, 'xtriantafyllidoy', 'QGo8nU9b\'ev:w', 'Βαλάντης', 'Ξανθόπουλος', 15, 'Student', 1, 5, 3),
(48, 'mpapadopoyloy', 'kn4;%v9BGH', 'Όθων', 'Αλεξόπουλος', 12, 'Student', 1, 1, 6),
(49, 'zgaspari', 'lIc71NWFJ~;V]^H+H', 'Ευθύμιος', 'Οικονομίδου', 16, 'Student', 1, 4, 5),
(50, 'ino77', ',LugJn4tTVEv(Hv', 'Χριστόφιλη', 'Παπαστάμου', 12, 'Student', 1, 5, 3),
(51, 'papadopoylos.kallirroi', 'K7UnKx=#t\\ir4KvUkm', 'Ευδοξία', 'Ξένος', 16, 'Student', 1, 2, 4),
(52, 'hdoyrentis', '#[(u_5Lq_<*~gE-', 'Ελισάβετ', 'Λαμπρόπουλος', 18, 'Student', 1, 6, 1),
(53, 'anagnostoy.fereniki', '/9e\'/q{5Aby!TbH3wu', 'Δανιήλ', 'Σπανός', 14, 'Student', 1, 5, 3),
(54, 'karsibani.areti', '5>5`4fQQ&@UjO-~|1', 'Φιλαρέτη', 'Σακελλαρίου', 17, 'Student', 1, 3, 2),
(55, 'etriantafyllidoy', 'kRXT,Y\\2}y0uLSt', 'Ελεονόρα', 'Γεωργίβαλου', 14, 'Student', 1, 6, 1),
(56, 'klimis20', ',ee}*)FXH]/hMA,@^<', 'Πολυτίμη', 'Γιακουμή', 16, 'Student', 1, 2, 4),
(57, 'bioleta.kapetanaki', 'e.~q+Gcnw!TF$6W', 'Πηγή', 'Χαραλαμπίδου', 13, 'Student', 1, 6, 1),
(58, 'cpapagos', '(JN-Xv', 'Χαραλαμπία', 'Πρωτοβεστιάριος', 12, 'Student', 1, 5, 3),
(59, 'pnikolopoyloy', '51zAN6T!*<w/Iok|v', 'Εριφύλη', 'Σακελλαρίου', 15, 'Student', 1, 1, 6),
(60, 'rokas.zafeiria', '(PjvAb_K{ivU=nsWk`\'', 'Ξανθή', 'Βιτάλη', 14, 'Student', 1, 4, 5),
(61, 'eygenia08', 'Ml@Dy3P\';rm+ow6qJ}\\', 'Αυγή', 'Βασιλείου', 67, 'Teacher', 1, 3, 2),
(62, 'xatzinikolaoy.kallinikos', 's5K*7@}POL0_-OT0)(vq', 'Περσεφόνη', 'Ξανθοπούλου', 69, 'Teacher', 1, 1, 6),
(63, 'dimostenis33', 'h%Tb8F~_$1', 'Αθανάσιος', 'Γεωργίου', 40, 'Teacher', 1, 1, 6),
(64, 'targyroy', '.%W`W|~N>\\lO', 'Μενέλαος', 'Αντωνόπουλος', 37, 'Teacher', 1, 6, 1),
(65, 'ektoras.anagnostoy', 'p}QOY4fj', 'Απόστολος', 'Νικολαΐδης', 38, 'Teacher', 1, 4, 5),
(66, 'oton95', 'B>5P-\"Wx{!<8Bm*kR/', 'Αγαθοκλής', 'Αγγελοπούλου', 37, 'Teacher', 1, 3, 2),
(67, 'georgios86', '!JqEd)AvKkn', 'Παρθένα', 'Γεωργίβαλου', 60, 'Teacher', 1, 6, 1),
(68, 'nikon82', 'aIE*^yiS3', 'Μαντώ', 'Ρόκας', 35, 'Teacher', 1, 2, 4),
(69, 'tomais25', 'Ha!HJ!]gkH>27U8', 'Παρθένα', 'Ανδρεάδης', 67, 'Teacher', 1, 5, 3),
(70, 'tokatlidis.omiros', '?gM&oiE-r/', 'Μάρκος', 'Βιτάλης', 53, 'Teacher', 1, 4, 5),
(71, 'triantafyllidis.sofronia', 'D=i*s5gl', 'Ευριπίδης', 'Καπνού', 35, 'Teacher', 1, 3, 2),
(72, 'andromeda82', 'pE]>\\\"Tgru):EZK@s`5]', 'Κρινιώ', 'Σταματιάδου', 42, 'Teacher', 1, 5, 3),
(73, 'konstantinoy.petra', ';HNAzUY=I{K', 'Λεμονής', 'Καπετανάκη', 34, 'Teacher', 1, 2, 4),
(74, 'eystratios61', 'Nk53*d1v2V\"a&WeyLhK', 'Τσαμπίκα', 'Γάσπαρη', 58, 'Teacher', 1, 6, 1),
(75, 'kornilios85', '$5IB=<LT6T/Iu/[', 'Νεόκλεια', 'Παπαφιλίππου', 46, 'Teacher', 1, 2, 4),
(76, 'laskari.adamantia', '~\"5_zd9;', 'Ιουλιανή', 'Βενιζέλος', 41, 'Teacher', 1, 5, 3),
(77, 'peristera.anastasiadis', '+hS-.M@ldm^.N', 'Ασκληπιός', 'Παπαστάμου', 50, 'Teacher', 1, 1, 6),
(78, 'sopoliati.zaxarias', '\\voY<hbc}zg~|N8RmWP', 'Σάββας', 'Αναγνώστου', 27, 'Teacher', 1, 3, 2),
(79, 'naysika91', 'd79muC', 'Πολυζώης', 'Αγγελόπουλος', 29, 'Teacher', 1, 1, 6),
(80, 'konstantinos17', ';YQ!Yo\\s', 'Βιργινία', 'Γαλάνη', 38, 'Teacher', 1, 3, 2),
(81, 'eystatiadis.fragkiskos', '^bc5pfm,xS#p*=zB', 'Ιππόλυτος', 'Δελής', 38, 'Teacher', 1, 3, 2),
(82, 'aggelopoyloy.pasxalis', ',IbmwJ^*P', 'Ελευθερία', 'Κοντός', 26, 'Teacher', 1, 5, 3),
(83, 'zspanoy', ']z+]>z3xfK@K>R-_)GSI', 'Μαγδαληνός', 'Παναγιωτίδης', 62, 'Teacher', 1, 5, 3),
(84, 'fryni82', ')8(DtFyuD', 'Φρίξος', 'Παπαδοπούλου', 58, 'Teacher', 1, 6, 1),
(85, 'sapfo37', '^x\"4p/zWCq`J@HC', 'Ορφέας', 'Αναγνώστου', 26, 'Teacher', 1, 4, 5),
(86, 'pappas.selini', 'I1C\'{/gNXh8f;:\'', 'Χρυσόστομος', 'Κωνσταντινίδης', 35, 'Teacher', 1, 3, 2),
(87, 'pkapnoy', ',8wiE|', 'Ευκλείδης', 'Αγγελόπουλος', 37, 'Teacher', 1, 2, 4),
(88, 'eystatiadis.andronikos', 'K,wptcX', 'Οδυσσέας', 'Χατζηιωάννου', 25, 'Teacher', 1, 4, 5),
(89, 'iraklis89', 'bw9\"(b{', 'Βρασίδας', 'Νικολαΐδης', 48, 'Teacher', 1, 6, 1),
(90, 'xaralampidoy.yakintos', 'seT,DG(1', 'Νικολέτα', 'Κοκκίνου', 69, 'Teacher', 1, 2, 4),
(91, 'alafoyzos.xristodoylos', '?_HdK8=X', 'Αριστέα', 'Παπαδάκης', 14, 'Student', 0, 6, 1),
(92, 'zampeta.laskaroy', 'DCxd/,.;QSEe&', 'Ευσέβιος', 'Σταματιάδης', 15, 'Student', 0, 1, 6),
(93, 'prakitelis.doyrentis', '+jg}NxboHjBn&N*', 'Ζηνοβία', 'Σακελλάρης', 14, 'Student', 0, 3, 2),
(94, 'germanoy.andromeda', 'WoNmyB\'gJ</xi', 'Προδρομία', 'Αλεξίου', 17, 'Student', 0, 3, 2),
(95, 'eleni46', 'ZiV8U0NsW[c$+VX02', 'Δαμιανή', 'Καραγιάννης', 15, 'Student', 0, 1, 6),
(96, 'epapadakis', 'pr1VT@IiuxBV', 'Κυριάκος', 'Χατζηιωάννου', 13, 'Student', 0, 6, 1),
(97, 'oandreoy', 'CZB&k`W[iRCY&', 'Ελισάβετ', 'Κεδίκογλου', 12, 'Student', 0, 2, 4),
(98, 'mattildi.atanasiadis', 'Qd#3O/F+OV', 'Μαντώ', 'Αλεξάνδρου', 12, 'Student', 0, 2, 4),
(99, 'alekios32', 'p9vm!\"T9v},;!E', 'Αγαθάγγελος', 'Σταματιάδου', 18, 'Student', 0, 5, 3),
(100, 'fotiadoy.ippolytos', 'S\'f+r%W-Dxxn', 'Αναξαγόρας', 'Κυπραίος', 14, 'Student', 0, 1, 6),
(101, 'oikonomoy.kassiani', '$$SGIi_%RX4', 'Αναξαγόρας', 'Αλεξίου', 13, 'Student', 0, 2, 4),
(102, 'erifyli84', 'NgxYi/N`<Rj]5', 'Αβραάμ', 'Χαραλαμπίδης', 13, 'Student', 0, 1, 6),
(103, 'selina.kallirroi', 'gDP9--nxQF\'!', 'Βλαδίμηρος', 'Γεννήτη', 17, 'Student', 0, 1, 6),
(104, 'zinais.lampropoylos', ')@?+vqNi%o\\7]y', 'Κλεοπάτρα', 'Κοσμόπουλος', 12, 'Student', 0, 5, 3),
(105, 'teodoridoy.polykratis', '?7/8*hhgA@hq', 'Ακρίτας', 'Κυριακόπουλος', 16, 'Student', 0, 6, 1),
(106, 'selini74', 'qzGRk%Xf2HS2', 'Αιμιλία', 'Αναγνωστόπουλος', 15, 'Student', 0, 4, 5),
(107, 'dxristopoylos', '{X,v6}\\:<', 'Λέων', 'Αναγνωστόπουλος', 14, 'Student', 0, 3, 2),
(108, 'xaralampidis.afentis', '-g&?TF_e', 'Ρήγας', 'Παπαδάκης', 14, 'Student', 0, 5, 3),
(109, 'papandreoy.keni', 'p%C3H5YA:)c#^J6~-+0W', 'Γαλήνη', 'Σταυρόπουλος', 13, 'Student', 0, 2, 4),
(110, 'fotiadis.bissaria', 'pvSH-]}iDSNnf&', 'Υπαπαντή', 'Σπηλιωτόπουλος', 13, 'Student', 0, 4, 5),
(111, 'beatriki.oikonomopoyloy', 'vCE!Rz+>o\'{', 'Ανθούλης', 'Ευθυμιάδης', 13, 'Student', 0, 4, 5),
(112, 'eantonopoylos', 'C#-Jw!?<pE1NjqZW&0', 'Φωτεινή', 'Τριανταφυλλίδου', 18, 'Student', 0, 4, 5),
(113, 'konstantina70', 'hHjAxMtB%', 'Στέργιος', 'Αναγνωστόπουλος', 12, 'Student', 0, 5, 3),
(114, 'alekioy.barsamos', 'JCq<oGlUk{Ko>GVy#', 'Σταματίνα', 'Ράφτη', 17, 'Student', 0, 2, 4),
(115, 'alkistis40', '9n:_KfbTaw1]ANGGr8T', 'Νεφέλη', 'Ουζουνίδης', 15, 'Student', 0, 4, 5),
(116, 'anyfanti.benetios', '9I3NukR7)T]{8UX', 'Βιργινία', 'Ιωάννου', 16, 'Student', 0, 6, 1),
(117, 'dialekti15', 'b=\'7GS', 'Ορφέας', 'Ανυφαντή', 14, 'Student', 0, 5, 3),
(118, 'domna.mylona', '(F/4fWQ,F/U>\\ZP4rFr', 'Βασιλεία', 'Καννελόπουλος', 14, 'Student', 0, 5, 3),
(119, 'odysseas28', '7Wwc`[B`1P`I%', 'Διονύσιος', 'Ξανθοπούλου', 16, 'Student', 0, 4, 5),
(120, 'miranta.kapnoy', 'l0>2gkjF^tBd4nA', 'Θεοπίστη', 'Γιαννακόπουλος', 14, 'Student', 0, 2, 4),
(121, 'aristoboylos.geogiadoy', 'u9T9[3a*M', 'Βιργινία', 'Οικονόμου', 61, 'Teacher', 0, 3, 2),
(122, 'anargyri64', '9L7\"tHt9%r', 'Αριστόβουλος', 'Τοκατλίδης', 60, 'Teacher', 0, 4, 5),
(123, 'papakostas.yakintos', 'l^ZIPeH', 'Λεμονιά', 'Νικολάκος', 32, 'Teacher', 0, 5, 3),
(124, 'wgeorgibaloy', '`MEeO;&?KR', 'Ραλλία', 'Γεωργίου', 28, 'Teacher', 0, 3, 2),
(125, 'dorotea.papanikolaoy', '|7gdb|qIS*GxO/', 'Πολυξένη', 'Θεοτόκου', 52, 'Teacher', 0, 1, 6),
(126, 'teotokoy.kleoboylos', 'k$\';~OuB4}\"Ou_', 'Γεώργιος', 'Σταυρόπουλος', 47, 'Teacher', 0, 2, 4),
(127, 'alekandroy.ploytarxos', 'L5*V4m\"WbUs{D2H{o`C', 'Βελισσάριος', 'Διαμαντόπουλος', 46, 'Teacher', 0, 1, 6),
(128, 'eydokia.germanos', '>:~vos%G``kN~QRd,-\\+', 'Ναυσικά', 'Πανταζής', 25, 'Teacher', 0, 1, 6),
(129, 'dimos25', '\\(@Sx%;b\"Z', 'Παναγία', 'Καραγιάννης', 54, 'Teacher', 0, 6, 1),
(130, 'iordanis.papamarkoy', 'xe-\'}W\"blsJ8.jAM', 'Νεκταρία', 'Οικονόμου', 38, 'Teacher', 0, 4, 5),
(131, 'cmetakas', 'wM:irr^5z{$QOWc', 'Στυλιανός', 'Παπαϊωάννου', 38, 'Teacher', 0, 6, 1),
(132, 'eydokia53', '7q*mA6<LXdN', 'Θεόδουλος', 'Αλεξίου', 30, 'Teacher', 0, 6, 1),
(133, 'qoikonomopoyloy', 'YtF#zO2[d|&d', 'Ζαφείριος', 'Παπαϊωάννου', 26, 'Teacher', 0, 1, 6),
(134, 'domna.flessas', 'lz}Mt4jbSv', 'Λεμονιά', 'Ανδρέου', 60, 'Teacher', 0, 2, 4),
(135, 'vrentis', ':>xlH\\<x<|V', 'Πολύδωρα', 'Παπακωνσταντίνου', 28, 'Teacher', 0, 3, 2);
COMMIT;

/*!40101 SET CHARACTER_SET_CLIENT=@OLD_CHARACTER_SET_CLIENT */;
/*!40101 SET CHARACTER_SET_RESULTS=@OLD_CHARACTER_SET_RESULTS */;
/*!40101 SET COLLATION_CONNECTION=@OLD_COLLATION_CONNECTION */;
